time,date,Env_temp,B1_out,B2_out,B3_out,B4_out,B5_out,B1_in,B2_in,B3_in,B4_in,B5_in,B1_cen,B2_cen,B3_cen,B4_cen,B5_cen
07:01:52,2-Mar-67,20.9,22.3,22.8,24.4,22.5,22.3,22.6,24.1,24.2,23.3,23.5,22.2,23.1,23.8,22.7,22.1
07:11:52,2-Mar-67,21,22.5,22.9,24.4,22.6,22.3,22.6,24.1,24.1,23.3,23.5,22.2,23.1,23.8,22.7,22.2
07:21:52,2-Mar-67,21.4,22.9,23.1,24.3,22.7,22.3,22.6,24.1,24.1,23.1,23.3,22.3,23,23.7,22.6,22.2
07:31:52,2-Mar-67,21.6,24,23.6,25.2,22.9,22.5,22.7,23.9,24.1,23.1,23.3,22.5,22.8,23.6,22.7,22.2
07:41:52,2-Mar-67,21.5,25.1,24.4,25.9,23.1,22.5,23.1,24,24.2,23.1,23.2,22.9,22.3,23.7,22.7,22.2
07:51:52,2-Mar-67,21.8,25.9,25.1,26.6,23.9,23.3,23.5,24.1,24.3,23.1,23.2,23.2,23,23.8,22.9,22.4
08:01:52,2-Mar-67,22.7,26.6,25.8,27.4,24.8,24.1,23.9,24.3,24.3,23.3,23.3,23.7,23.4,24,23.2,22.5
08:11:52,2-Mar-67,22.1,27.5,26.6,27.9,25.7,24.7,24.5,24.6,24.5,23.4,23.4,24.2,23.8,24.3,23.6,22.8
08:21:52,2-Mar-67,23.1,28.7,27.5,28.7,26.4,25,25.1,25,24.6,23.7,23.5,24.8,24.3,24.6,24,23.1
08:31:52,2-Mar-67,23.4,29.3,28,29.6,27.3,25.5,25.8,25.4,24.9,23.9,23.7,25.5,25,24.8,24.2,23.5
08:41:52,2-Mar-67,23.9,30.7,29,30.3,28.2,27,26.4,25.9,25.2,24.2,24.1,26.1,25.7,25.3,24.7,24
08:51:52,2-Mar-67,25.1,32.4,30.4,31.5,29.2,28.1,27.4,26.5,25.7,24.6,24.4,26.9,26.3,25.7,25.2,24.3
09:01:52,2-Mar-67,25.5,33.7,31.4,32,30.2,28.4,28.2,27.1,26.2,25.1,24.7,27.8,27,26.2,25.8,24.9
09:11:52,2-Mar-67,24.5,34.6,32.2,33.1,31,29.4,29.2,27.7,26.7,25.7,25.3,28.6,27.6,26.7,26.6,25.4
09:21:52,2-Mar-67,26,36.1,33.5,33.5,32.2,28.2,30.3,28.5,27.1,26.3,25.4,29.7,28.4,27.3,27.1,26.3
09:31:52,2-Mar-67,25.3,37.1,34.2,34.5,32.8,30.8,31.3,29.2,27.8,26.9,26,30.3,29.2,28,27.6,27.1
09:41:52,2-Mar-67,26.9,37,34.4,35.4,33.9,31.8,32.3,30,28.3,27.5,26.7,31.1,29.8,28.5,28.2,27.8
09:51:52,2-Mar-67,26.3,37.9,35.2,36.4,34.5,32.1,33.2,30.6,29.1,28.1,27.2,31.8,30.6,29,28.9,28.3
10:01:52,2-Mar-67,28.2,39.6,36.7,37.5,35,32.1,34.1,31.4,29.9,28.8,27.8,32.9,31.3,29.4,29.4,28.9
10:11:52,2-Mar-67,27.4,40.7,37.4,37.7,36.3,31.5,35.2,32.1,30.6,29.4,28.1,33.8,32.5,30,30.1,29.6
10:21:52,2-Mar-67,27.6,40.9,37.7,37,36.5,34.8,36,32.9,31.3,30.2,29,34.4,32.9,30.9,31,30.5
10:31:52,2-Mar-67,29.9,42.1,39,39,37.2,35.8,36.8,33.7,32,30.8,29.7,35.3,33.4,31.5,31.6,31.1
10:41:52,2-Mar-67,30,42.8,39.8,39.4,38.4,37.6,37.5,34.4,32.6,31.5,30.4,36.1,33.7,31.9,32,31.5
10:51:52,2-Mar-67,31,42.8,39.7,39.9,38.5,37,38.3,35,33.4,32.1,31,36.8,34.2,32.4,32.6,32.2
11:01:52,2-Mar-67,31.7,43.5,40.5,39.6,39.5,39.2,39.1,35.8,33.9,32.7,31.9,37.5,34.3,33.1,33,32.8
11:11:52,2-Mar-67,28.8,42.9,40.4,40.3,38.8,38.6,39.6,36.1,34.6,33.4,32.5,37.5,34.8,33.6,33.5,33.2
11:21:52,2-Mar-67,30.3,44.1,41.4,41.3,39.6,38.6,40.2,36.8,35.1,34,33.1,38.4,35.4,34.2,34.3,33.7
11:31:52,2-Mar-67,31.4,44.2,41.5,41.4,40.3,41.1,40.9,37.4,35.6,34.5,33.8,38.7,36.1,34.7,34.5,34.2
11:41:52,2-Mar-67,30.6,44.6,42.1,41.1,40.1,38.6,41.4,37.8,36.3,35,34.1,39.1,37.9,35.2,35.1,34.6
11:51:52,2-Mar-67,33.1,45.5,42.7,41.8,41.5,39.3,41.9,38.4,36.7,35.5,34.7,40.2,37.4,35.5,35.7,35.1
12:01:52,2-Mar-67,33,45.4,43,42.4,41.9,41.3,42.3,38.8,37,36,35.3,40.4,37.9,35.9,35.8,35.2
12:11:52,2-Mar-67,31.4,44.8,42.8,42.5,41.4,42.5,42.5,39.3,37.5,36.5,35.9,40,38.1,36.3,35.9,35.9
12:21:52,2-Mar-67,33.5,46.2,43.9,43,41.9,40.8,42.9,39.7,38,36.9,36.3,41.2,38.3,36.8,36.8,36.3
12:31:52,2-Mar-67,32.1,46.1,43.9,43.3,42,43.4,43.2,40.1,38.3,37.4,37,41.1,38.5,37.2,36.8,36.8
12:41:52,2-Mar-67,32.6,45.2,43.4,42.3,41.8,43.8,43.4,40.4,38.8,37.6,37.4,40.5,39.4,37.2,36.9,36.6
12:51:52,2-Mar-67,31.6,45.5,43.8,42.7,41.5,41.2,43.5,40.7,39.2,38.1,37.7,41.5,39.2,37.8,37.4,37.1
13:01:52,2-Mar-67,32.9,45.3,44,43.7,42.2,42.2,43.5,41,39.3,38.4,38.1,41.7,40,38.2,37.8,37.4
13:11:52,2-Mar-67,32.7,44.5,44,42.5,42.2,42.1,43.2,41.4,39.5,38.7,38.5,42.1,40.2,38.5,38,37.5
13:21:52,2-Mar-67,32.8,43.4,44.3,43.4,41.7,41.9,42.5,41.6,40,39,38.7,42.1,40.4,38.8,38.3,37.9
13:31:52,2-Mar-67,33.4,43.8,44.1,43.4,42.2,40.8,42.7,41.8,40,39.3,38.9,42.3,40.2,39.1,39,38.3
13:41:52,2-Mar-67,32.7,43.4,43,43.3,42.2,42.7,43.1,42.1,40.4,39.5,39.3,41.6,40.7,39.3,38.8,38.3
13:51:52,2-Mar-67,34.5,44.1,42.4,43,41.9,41,43.5,42.1,40.7,39.6,39.3,41.3,41,39.4,38.9,38.4
14:01:52,2-Mar-67,33.5,44.1,42.3,43.4,41.9,39.9,43.9,42.3,40.7,39.8,39.5,41.6,41,39.4,39.2,38.5
14:11:52,2-Mar-67,34.1,44.3,42.3,43,41.7,42.3,43.7,42.4,40.9,39.9,39.9,41.5,41.2,39.7,39.2,39
14:21:52,2-Mar-67,34.4,43.8,42,42.6,41.5,42.1,43.3,42.4,41,40,40,41,41.5,39.8,39.2,39
14:31:52,2-Mar-67,33.6,43.2,41.4,42.1,41.2,40.9,43.4,42.6,41.1,40.1,40.1,40.9,41.7,40,39.5,39.3
14:41:52,2-Mar-67,36.5,43.5,41.6,42.9,41.5,41.4,43.4,42.4,41.1,40.1,40.2,41.1,41.6,40.1,39.6,39.4
14:51:52,2-Mar-67,32.5,42.8,41.5,41.9,40.7,40.3,43.5,42.4,41.2,40.1,40.3,41.1,41.8,40.1,39.4,39.5
15:01:52,2-Mar-67,35.7,42.4,41.2,42.7,41.3,40.6,43.6,42.2,41.3,40.2,40.2,40.9,41.1,40.1,39.8,39.4
15:11:52,2-Mar-67,34.3,42.2,40.8,42.2,40.7,41,43.2,42.4,41.4,40.1,40.3,40.6,41.3,40,39,39.1
15:21:52,2-Mar-67,36.4,41.8,40.4,42.9,40.4,39.8,43.2,42.2,41.5,40.1,40.4,40.9,41.5,40.1,39.4,39.3
15:31:52,2-Mar-67,33.6,41.8,40.7,42.2,39.9,39.5,42.9,42,41.3,40,40.3,40.8,41.3,40.2,39.5,39.4
15:41:52,2-Mar-67,34.9,41.7,40.2,42.3,39.7,39.4,42.8,41.9,41.4,39.9,40.2,40.5,41.2,40.1,39.3,39.3
15:51:52,2-Mar-67,34.1,41.2,40.1,41.7,39.4,39.7,42.2,41.9,41.2,39.9,40.2,40.4,41.1,40.1,39.2,39.3
16:01:52,2-Mar-67,34.9,41.3,40,42.3,39.4,39.5,42.7,41.5,41.1,39.7,40.2,40.4,40.8,40,38.8,39.1
16:11:52,2-Mar-67,35.8,40.7,39.8,41.4,39.3,38.8,42.2,41.5,40.8,39.5,39.9,40.2,40.6,39.8,38.7,38.9
16:21:52,2-Mar-67,34.1,40.1,39.6,41.2,38.9,39.4,41.2,41.1,40.7,39.4,40,39.7,40.4,39.7,38.4,38.7
16:31:52,2-Mar-67,34,39.5,39.2,40.6,38.6,39,40.9,40.9,40.5,39.3,39.8,39.5,40.1,39.6,38.2,38.4
16:41:52,2-Mar-67,33.9,38.9,38.9,40.2,38.1,38.7,40.5,40.7,40.4,39.1,39.6,39.1,39.4,39.4,37.9,38.1
16:51:52,2-Mar-67,33.8,39.2,38.8,39.9,38.2,38,40.5,40.3,40.1,38.9,39.4,39.1,39.2,39.2,37.8,37.8
17:01:52,2-Mar-67,32.5,38.6,38.4,39.3,37.4,37.8,40.3,40.1,39.8,38.6,39.2,38.8,38.7,38.9,37.4,37.5
17:11:52,2-Mar-67,32.6,38,38.4,38.9,37.1,37.8,39.8,39.7,39.6,38.5,39,38.5,38,38.6,37.1,36.9
17:21:52,2-Mar-67,32.5,37.3,37.7,38.5,36.6,36.9,39.4,39.5,39.3,38.2,38.7,38,37.6,38.3,36.7,36.7
17:31:52,2-Mar-67,32.3,36.9,37.6,38.1,36.3,36.7,38.8,39.1,39,37.9,38.5,37.6,37.4,38.1,36.5,36.4
17:41:52,2-Mar-67,32.2,36.3,37,37.6,35.9,36.2,38.3,38.7,38.7,37.6,38.2,37.1,37,37.8,36.3,36.3
17:51:52,2-Mar-67,31.7,35.8,36.8,37.3,35.4,35.8,37.8,38.5,38.5,37.4,38,36.7,36.8,37.6,36,36
18:01:52,2-Mar-67,31.7,35.3,36.2,36.8,35.1,35.5,37.4,38.2,38,37.1,37.7,36.3,36.4,37.4,35.8,35.8
18:11:52,2-Mar-67,31.7,34.9,35.9,36.5,34.7,35.1,36.9,37.6,37.9,36.7,37.4,35.9,36.2,37,35.4,35.4
18:21:52,2-Mar-67,31.3,34.5,35.5,36.3,34.4,34.7,36.5,37.1,37.6,36.4,37.1,35.5,35.8,36.8,35.3,35.2
18:31:52,2-Mar-67,31.1,34,35.1,35.8,34.1,34.6,36.1,36.8,37.3,36.1,36.9,35.1,35.5,36.5,34.9,34.9
18:41:52,2-Mar-67,31.1,33.6,34.7,35.6,33.8,34.3,35.6,36.5,37.1,35.9,36.6,34.7,35.3,36.3,34.6,34.7
18:51:52,2-Mar-67,30.6,33.2,34.5,35.1,33.5,33.9,35.2,36.1,36.7,35.6,36.3,34.3,34.8,36,34.4,34.4
19:01:52,2-Mar-67,30.5,32.8,34.1,34.9,33.3,33.7,34.8,35.8,36.5,35.3,36.1,33.9,34.5,35.8,34.1,34.3
19:11:52,2-Mar-67,30.3,32.6,33.8,34.7,32.9,33.4,34.4,35.4,36.1,34.9,35.8,33.5,34.2,35.4,33.7,34
19:21:52,2-Mar-67,30.1,32.2,33.4,34.3,32.7,33.2,34,35.1,35.8,34.7,35.6,33.1,33.9,35.3,33.5,33.7
19:31:52,2-Mar-67,29.5,31.8,33.1,34.1,32.3,32.8,33.6,34.9,35.6,34.4,35.2,32.7,33.7,34.8,33.1,33.3
19:41:52,2-Mar-67,29.5,31.5,32.6,33.7,32.1,32.6,33.3,34.5,35.3,34.1,34.9,32.4,33.3,34.5,32.8,32.9
19:51:52,2-Mar-67,29.3,31.3,32.5,33.5,31.8,32.2,32.9,34.3,35.1,33.8,34.6,32.1,33.1,34.3,32.5,32.6
20:01:52,2-Mar-67,28.9,31,32.2,33,31.5,31.9,32.6,33.7,34.7,33.4,34.3,31.7,32.6,33.9,32.2,32.3
20:11:52,2-Mar-67,28.8,30.7,32,32.9,31.3,31.7,32.2,33.6,34.5,33.2,34.1,31.5,32.5,33.7,32,32.1
20:21:52,2-Mar-67,28.8,30.5,31.7,32.5,31.1,31.5,32,33.3,34,32.9,33.8,31.2,32.2,33.6,31.8,31.9
20:31:52,2-Mar-67,28.7,30.3,31.4,32.5,30.8,31.2,31.7,33.2,33.9,32.6,33.5,30.9,32.1,33.3,31.6,31.6
20:41:52,2-Mar-67,28.8,30.1,31.2,32.1,30.5,31,31.5,33,33.5,32.4,33.3,30.8,31.9,33,31.2,31.4
20:51:52,2-Mar-67,28.4,29.9,31,31.9,30.4,30.7,31.2,32.7,33.5,32.1,33,30.6,31.7,32.7,31.1,31.1
21:01:52,2-Mar-67,28.3,29.7,30.8,31.7,30.2,30.6,30.9,32.5,33,31.9,32.8,30.3,31.4,32.6,30.9,31
21:11:52,2-Mar-67,28.1,29.6,30.7,31.4,30,30.3,30.8,32.2,32.9,31.6,32.5,30.1,31.1,32.3,30.6,30.6
21:21:52,2-Mar-67,28.3,29.4,30.4,31.2,29.9,30.2,30.5,31.9,32.8,31.5,32.3,29.9,30.8,32.2,30.5,30.5
21:31:52,2-Mar-67,28,29.3,30.3,30.9,29.6,30,30.3,31.6,32.4,31.2,32.1,29.7,30.6,32,30.2,30.3
21:41:52,2-Mar-67,28.1,28.8,29.9,30.9,29.7,30.1,29.9,31.4,32.2,31.3,32.1,29.4,30.4,32,30.6,30.4
21:51:49,2-Mar-67,27.7,28.8,29.7,30.6,29.4,29.5,29.8,31,32,30.8,31.7,29.2,30.1,31.7,30,30
22:01:49,2-Mar-67,27.7,28.6,29.4,30.3,29.2,29.4,29.6,30.9,31.8,30.6,31.4,29,29.9,31.4,29.7,29.8
22:11:49,2-Mar-67,27.5,28.4,29.2,30.3,29,29.3,29.5,30.8,31.5,30.3,31.2,28.8,29.9,31.2,29.5,29.6
22:21:49,2-Mar-67,27.3,27.9,29,30.1,28.9,29.2,29.3,30.6,31.3,30.2,31,28.7,29.8,31,29.4,29.5
22:31:49,2-Mar-67,27.8,28.1,28.8,30.1,28.7,29,29.1,30.5,31.2,30.1,30.9,28.5,29.7,30.9,29.3,29.3
22:41:49,2-Mar-67,27.2,28,28.7,29.9,28.5,28.8,28.9,30.3,31.1,29.9,30.7,28.4,29.5,30.6,29.1,29
22:51:49,2-Mar-67,26.9,27.9,28.5,29.9,28.4,28.6,28.8,30.2,31,29.7,30.4,28.2,29.4,30.5,28.9,28.8
23:01:49,2-Mar-67,26.8,27.6,28.3,29.8,28.2,28.5,28.6,30,30.8,29.6,30.3,28,29.3,30.3,28.7,28.7
23:11:49,2-Mar-67,26.5,27.5,28,29.5,27.9,28.2,28.4,29.9,30.6,29.3,30.1,27.7,29,30.1,28.5,28.5
23:21:49,2-Mar-67,26.5,27.3,28,29.3,27.8,28.1,28.3,29.6,30.4,29.2,29.9,27.8,28.8,29.9,28.3,28.3
23:31:49,2-Mar-67,26.4,27.3,27.9,29.2,27.7,27.9,28.2,29.4,30.1,29,29.7,27.6,28.6,29.7,28.2,28.1
23:41:49,2-Mar-67,26.5,27.1,27.7,29,27.6,27.8,27.9,29.3,30,28.8,29.6,27.3,28.4,29.6,28.1,28.1
23:51:49,2-Mar-67,26.4,26.9,27.5,28.8,27.4,27.6,27.8,29,29.8,28.6,29.3,27.2,28.2,29.3,27.8,27.8
00:01:49,2-Mar-67,26,26.9,27.5,28.7,27.2,27.4,27.6,28.8,29.6,28.5,29.2,27.1,28.1,29.2,27.7,27.7
00:11:49,2-Mar-67,25.9,26.6,27.3,28.6,27.1,27.2,27.4,28.6,29.4,28.4,28.9,26.9,27.8,29,27.5,27.4
00:21:49,2-Mar-67,25.8,26.5,27,28.4,26.9,27.1,27.3,28.5,29.2,28.1,28.8,26.8,27.8,28.7,27.2,27.2
00:31:49,2-Mar-67,25.7,26.4,27,28.2,26.8,27,27.2,28.4,29.1,27.9,28.6,26.7,27.7,28.6,27.2,27.1
00:41:49,2-Mar-67,25.6,26.4,26.9,28.2,26.7,26.9,27.1,28.2,29,27.8,28.4,26.6,27.5,28.6,27.1,27.1
00:51:49,2-Mar-67,25.4,26.2,26.7,28.1,26.5,26.8,26.9,28.1,28.8,27.7,28.3,26.4,27.4,28.4,27,26.9
01:01:49,2-Mar-67,25.3,26,26.5,27.9,26.4,26.6,26.8,27.9,28.6,27.5,28.2,26.3,27.3,28.2,26.9,26.8
01:11:49,2-Mar-67,25.1,26,26.5,27.8,26.3,26.5,26.7,27.8,28.5,27.4,28.1,26.2,27.2,28.2,26.8,26.7
01:21:49,2-Mar-67,25,25.9,26.4,27.6,26.1,26.2,26.5,27.7,28.4,27.3,27.8,26.1,27.1,28,26.6,26.5
01:31:49,2-Mar-67,25.1,25.7,26.2,27.4,26.1,26.2,26.4,27.5,28.2,27.2,27.7,26,27,27.9,26.6,26.4
01:41:49,2-Mar-67,25,25.6,26.2,27.3,26,26.1,26.2,27.3,28,27,27.6,25.8,26.7,27.8,26.5,26.3
01:51:49,2-Mar-67,24.9,25.4,26,27,25.8,26,26.1,27.1,27.8,26.8,27.5,25.7,26.4,27.6,26.3,26.3
02:01:49,2-Mar-67,24.5,25.3,25.8,27,25.6,25.7,26,27,27.7,26.7,27.3,25.5,26.4,27.5,26.1,25.9
02:11:49,2-Mar-67,24.4,25.2,25.7,26.7,25.4,25.7,25.8,26.8,27.5,26.5,27.2,25.4,26.2,27.2,25.9,25.8
02:21:49,2-Mar-67,24.3,25.1,25.5,26.7,25.3,25.4,25.7,26.8,27.4,26.5,27,25.3,26.1,27.1,25.8,25.6
02:31:49,2-Mar-67,24.1,24.9,25.4,26.6,25.2,25.3,25.6,26.6,27.3,26.3,26.8,25.2,26,26.9,25.6,25.5
02:41:49,2-Mar-67,24,24.7,25.2,26.5,25,25.2,25.4,26.5,27.2,26.2,26.7,24.9,25.9,26.9,25.6,25.4
02:51:49,2-Mar-67,23.7,24.7,25.1,26.3,24.9,25,25.3,26.3,27,26,26.5,24.9,25.7,26.7,25.4,25.2
03:01:49,2-Mar-67,23.9,24.6,25,26.3,24.9,25,25.2,26.3,26.9,25.9,26.4,24.8,25.7,26.6,25.3,25.2
03:11:49,2-Mar-67,24.1,24.5,24.9,26.1,24.8,24.9,25.1,26.2,26.7,25.8,26.3,24.7,25.6,26.5,25.3,25.1
03:21:49,2-Mar-67,23.5,24.3,24.8,26,24.6,24.7,25,26,26.6,25.7,26.1,24.5,25.3,26.4,25.1,25
03:31:49,2-Mar-67,23.1,24.1,24.5,25.8,24.5,24.6,24.8,25.8,26.5,25.6,26,24.3,25.1,26.3,24.9,24.8
03:41:49,2-Mar-67,23.2,24,24.5,25.6,24.3,24.4,24.7,25.7,26.3,25.4,25.8,24.2,25,26,24.7,24.6
03:51:49,2-Mar-67,22.9,23.8,24.3,25.4,24.2,24.3,24.6,25.5,26.1,25.3,25.7,24.1,24.8,25.9,24.7,24.3
04:01:49,2-Mar-67,22.7,23.7,24.1,25.4,24,24.1,24.4,25.4,26,25.1,25.5,23.8,24.7,25.7,24.4,24.2
04:11:49,2-Mar-67,22.6,23.6,24.1,25.1,23.9,23.9,24.3,25.2,25.8,25,25.4,23.8,24.5,25.6,24.3,23.9
04:21:49,2-Mar-67,22.5,23.4,23.8,25,23.7,23.7,24.1,25.1,25.7,24.9,25.3,23.6,24.4,25.4,24.1,23.9
04:31:49,2-Mar-67,22.3,23.3,23.7,24.9,23.6,23.6,24,24.9,25.6,24.8,25.1,23.5,24.3,25.3,24.1,23.8
04:41:49,2-Mar-67,22.1,23.2,23.7,24.7,23.5,23.5,23.9,24.8,25.4,24.7,25,23.5,24.2,25.2,24,23.6
04:51:49,2-Mar-67,22.3,23.1,23.6,24.7,23.4,23.4,23.7,24.8,25.3,24.5,24.9,23.4,24.2,25,23.8,23.6
05:01:49,2-Mar-67,22.3,23,23.4,24.5,23.3,23.3,23.6,24.6,25.2,24.3,24.7,23.2,24.1,25,23.8,23.5
05:11:49,2-Mar-67,22,22.9,23.3,24.4,23.3,23.2,23.5,24.4,25,24.2,24.6,23.1,24,24.9,23.6,23.4
05:21:49,2-Mar-67,22,22.9,23.3,24.3,23.2,23.1,23.4,24.4,24.9,24.1,24.5,23.1,23.9,24.7,23.5,23.2
05:31:49,2-Mar-67,21.9,22.9,23.3,24.3,23.2,23,23.3,24.3,24.8,24.1,24.3,23,23.8,24.7,23.6,23.2
05:41:49,2-Mar-67,21.8,22.7,23.1,24.1,23,22.9,23.2,24.1,24.7,23.9,24.2,22.9,23.7,24.6,23.4,23.1
05:51:49,2-Mar-67,21.8,22.7,23,24.1,22.9,22.8,23.2,24,24.6,23.8,24.1,22.8,23.6,24.5,23.4,22.9
06:01:49,2-Mar-67,21.7,22.5,22.8,24,22.8,22.9,23.1,23.9,24.5,23.7,24,22.7,23.5,24.4,23.3,22.9
06:11:49,2-Mar-67,21.5,22.6,22.9,23.9,22.8,22.7,23,23.8,24.4,23.6,23.9,22.7,23.4,24.3,23.2,22.8
06:21:49,2-Mar-67,21.3,22.5,22.8,23.9,22.7,22.8,22.9,23.7,24.3,23.6,23.9,22.6,23.4,24.2,23.1,22.8
06:31:49,2-Mar-67,21.6,22.5,22.8,23.8,22.7,22.7,22.9,23.6,24.2,23.4,23.7,22.6,23.3,24.1,23,22.7
06:41:49,2-Mar-67,21.5,22.6,22.8,23.8,22.6,22.6,22.8,23.6,24.1,23.3,23.6,22.5,23.1,24,22.9,22.6
06:51:49,2-Mar-67,21.4,22.7,22.9,23.8,22.6,22.7,22.8,23.5,24,23.2,23.6,22.4,23.2,23.9,22.8,22.5
07:01:49,3-Mar-67,21.6,23,23.1,24.6,22.7,22.9,22.8,23.5,23.9,23.2,23.4,22.5,23.2,23.5,22.8,22.4
07:11:49,3-Mar-67,21.5,23.2,23.1,24.6,22.8,22.8,22.8,23.5,23.8,23.2,23.3,22.5,23.2,23.5,22.8,22.4
07:21:49,3-Mar-67,21.7,24.8,24,24.5,22.9,22.7,22.9,23.4,23.8,23.1,23.2,22.8,23.2,23.3,22.8,22.4
07:31:49,3-Mar-67,22,26.2,25,25.4,23.1,23.1,23.3,23.5,23.7,23.1,23.2,23.2,23.6,23.5,22.9,22.5
07:41:49,3-Mar-67,22.4,27.3,26,26.2,23.5,23.1,23.8,23.7,23.8,23.1,23.2,23.8,23.9,23.5,23,22.6
07:51:49,3-Mar-67,22.8,28.5,26.9,26.9,24.6,23.1,24.6,23.9,24,23.2,23.1,24.4,24.2,23.8,23.4,22.8
08:01:49,3-Mar-67,23.6,29.7,27.9,27.7,25.9,24.3,25.4,24.2,24.1,23.4,23.1,25.2,24.7,24,23.7,23.3
08:11:49,3-Mar-67,23.1,30.8,28.9,28.3,27,24.4,26.3,24.7,24.5,23.7,23.2,26,25.2,24.2,24.1,23.6
08:21:49,3-Mar-67,24.5,32.4,30.1,29.1,28.1,25.2,27.2,25.1,24.8,24,23.3,26.7,25.7,24.6,24.6,24
08:31:49,3-Mar-67,24.6,33.6,31.1,30,29,27.3,28.2,25.7,25.3,24.5,23.9,27.7,26.4,25.1,25.1,24.6
08:41:49,3-Mar-67,25.3,35.3,32.4,30.7,30.3,27.4,29.3,26.3,25.8,25,24.2,28.6,27.1,25.7,25.8,25.2
08:51:49,3-Mar-67,25.6,36.2,33.1,32,31.8,28.9,30.3,27,26.4,25.6,24.7,29.6,27.8,26.2,26.3,25.8
09:01:49,3-Mar-67,26.7,37.2,34.1,32.5,32.3,29.5,31.5,27.6,26.8,26.2,25.1,30.6,28.5,26.7,27,26.4
09:11:49,3-Mar-67,27.3,39.1,35.4,33.6,33.4,30.3,32.6,28.4,27.5,26.8,25.8,31.5,29.1,27.2,27.6,27.1
09:21:49,3-Mar-67,28.7,40,36.3,34.1,34.2,32.1,33.8,29.2,28.1,27.4,26.4,32.6,30,28,28.4,27.9
09:31:49,3-Mar-67,29.4,41.7,37.3,35.1,35.6,34.1,34.8,30,28.9,28.2,27.3,33.7,30.8,28.7,29.1,28.7
09:41:49,3-Mar-67,29.8,42.4,38.2,36,36.6,33.6,36.1,30.7,29.7,29,27.8,34.6,31.4,29.2,29.9,29.3
09:51:49,3-Mar-67,27.9,42.9,38.8,37.1,37.4,34.6,37.1,31.6,30.5,29.8,28.5,35.1,32.1,30.1,30.7,29.9
10:01:49,3-Mar-67,32.6,43.1,39.3,38.2,38.6,37.2,38,32.3,31.2,30.6,29.4,35.8,32.7,30.8,31.3,30.7
10:11:49,3-Mar-67,31.1,43.6,40,38.4,38.8,37.6,38.8,33.1,31.9,31.3,30.2,36.4,33.3,31.5,31.9,31.3
10:21:49,3-Mar-67,31.2,45.3,41.3,37.7,39.7,38.4,39.6,33.9,32.5,32.1,31,37.8,34.2,31.9,32.4,31.8
10:31:49,3-Mar-67,31.2,45.4,41.6,39.8,40.3,37,40.4,34.7,33.4,32.8,31.5,38.5,34.7,32.6,33.3,32.4
10:41:49,3-Mar-67,31.3,45.2,41.7,40.3,41,38.8,41.2,35.4,34,33.5,32.3,38.7,35.1,33.4,33.9,33.1
10:51:49,3-Mar-67,31.2,45.9,42.2,40.8,41.2,40.3,41.7,36.2,34.7,34.2,33.1,39.3,35.5,33.9,34.4,33.7
11:01:49,3-Mar-67,32.5,46.1,42.5,40.6,42.1,40.2,42.3,36.7,35.3,34.9,33.7,39.1,35.7,34.2,35.1,34.2
11:11:49,3-Mar-67,34.1,46.5,43,41.3,42.5,42.7,42.8,37.4,35.8,35.4,34.5,40,37.1,34.9,35,34.2
11:21:49,3-Mar-67,32.1,46.8,43.5,42.4,42,41,43.2,38,36.6,36,35,40.8,36.8,35.5,35.7,34.9
11:31:49,3-Mar-67,33,46.9,43.7,42.5,42.6,40.8,43.7,38.5,37,36.5,35.6,40.4,37.6,36.2,36.2,35.4
11:41:49,3-Mar-67,33,46.5,43.6,42.3,42.6,42,43.9,39.1,37.4,37,36.2,40.8,38.5,36.3,36.2,35.5
11:51:49,3-Mar-67,35.9,47.1,44.1,43,43.4,43.2,44.2,39.6,37.9,37.4,36.7,41.7,39,36.8,36.9,36.2
12:01:49,3-Mar-67,35.5,46.1,43.8,43.6,43.1,44,44.5,40.1,38.4,37.9,37.2,41.3,39.5,37.1,36.9,36
12:11:49,3-Mar-67,34.5,47.4,44.8,43.8,43,42.4,44.7,40.6,38.8,38.3,37.7,42.6,39.7,37.6,37.4,36.9
12:21:49,3-Mar-67,34.8,47.4,44.9,44.3,43.7,43,45,41.1,39.3,38.8,38.2,42.8,40,38.2,38.2,37.6
12:31:49,3-Mar-67,35.3,45.9,44.1,44.7,44,43.1,45.1,41.4,39.8,39.2,38.6,41.9,40.2,38.4,38.6,38
12:41:49,3-Mar-67,35.3,47.5,45.4,43.7,43.2,43.8,45.1,41.7,39.9,39.5,39,43.3,41.1,38.8,38.4,38.1
12:51:49,3-Mar-67,35.3,46.6,45.3,44.2,44.4,44.2,45.3,42.1,40.2,39.8,39.5,43.9,41,39.1,39,38.5
13:01:49,3-Mar-67,35,46.5,45.6,45.2,44.2,43.3,45.4,42.5,40.7,40.2,39.8,44.2,41.8,39.5,39.6,39
13:11:49,3-Mar-67,35.7,45.1,46.2,44.1,44.2,43.8,44.4,42.8,40.8,40.6,40.1,44.6,42.1,39.7,39.9,39.4
13:21:49,3-Mar-67,36,44.8,46.9,45,44,43.5,44,43.1,41.2,40.8,40.4,44.7,42.3,40,39.9,39.6
13:31:49,3-Mar-67,36.4,44.1,45.5,45,43.9,43.5,44.1,43.4,41.5,41.2,40.7,43.4,42.1,40.3,40.3,39.8
13:41:49,3-Mar-67,37,44.5,44.9,45,43.7,43.7,44.3,43.5,41.6,41.3,41,43.8,42.7,40.3,40.3,40
13:51:49,3-Mar-67,35.8,45,44.4,44.7,43.8,43.7,44.6,43.7,41.8,41.6,41.2,43.6,43,40.5,40.1,40.3
14:01:49,3-Mar-67,36.3,44.8,43.3,45.2,43.7,42.9,44.8,43.9,42,41.8,41.3,43.1,43,40.5,40.1,40.3
14:11:49,3-Mar-67,35.2,45.7,43.2,44.8,43.5,42.7,45.6,43.9,42.1,42,41.4,42.5,43,40.8,40.3,40.7
14:21:49,3-Mar-67,35.7,44.8,42.7,44.5,43,42.4,45.2,44,42.2,42.1,41.6,42.8,43.1,41,40.4,40.4
14:31:49,3-Mar-67,36.5,44.6,42.8,44,43.3,43.1,44.8,43.9,42.3,42.2,41.7,42.7,43.2,40.9,40.8,40.6
14:41:49,3-Mar-67,38.4,44.5,42.5,44.9,43.3,43.1,45.1,43.9,42.5,42.1,41.7,42.6,43.2,41.2,40.8,41
14:51:49,3-Mar-67,37.4,43.5,42.3,43.9,42.9,42.5,44.4,43.8,42.6,42.2,41.8,42.4,43.3,41.2,40.9,40.8
15:01:49,3-Mar-67,37.3,43.2,41.7,44.7,42.6,41.9,44.7,43.9,42.7,42.1,41.9,42.3,43.1,41.5,40.8,41.2
15:11:49,3-Mar-67,37.8,43.9,41.3,44.3,42.3,42.4,45.2,43.7,42.6,42.1,41.9,41.8,42.8,41.1,40.5,40.8
15:21:49,3-Mar-67,37,42.9,41.1,45,41.7,41.2,44.2,43.6,42.7,42,41.8,42,42.6,41.1,40.5,40.5
15:31:49,3-Mar-67,36.7,42.8,40.8,44.4,41.2,41.3,44.3,43.5,42.6,41.9,41.7,41.7,42.5,41,40.6,40.7
15:41:49,3-Mar-67,37.6,42.6,40.7,44.5,41.1,41.3,44,43.4,42.5,41.7,41.7,41.5,42.5,40.9,40.4,40.4
15:51:49,3-Mar-67,36.9,42.9,40.6,44,40.8,40.9,44.2,43.1,42.3,41.7,41.6,41.5,42.4,41,40.5,40.4
16:01:49,3-Mar-67,37.4,41.9,40.7,44.6,40.8,40.8,43.5,43.1,42.2,41.5,41.5,41.4,41.7,41,40.4,40.4
16:11:49,3-Mar-67,37.7,40.9,40.1,43.8,40.4,41.4,42.7,42.8,42.1,41.4,41.3,41.1,41.6,40.6,40.2,39.9
16:21:49,3-Mar-67,36.3,40.6,39.9,43.6,40.1,40.6,42.4,42.5,42,41.1,41.1,40.6,41.1,40.3,40.1,39.6
16:31:49,3-Mar-67,35.6,40.3,39.5,43,39.5,40.1,42,42.3,41.7,40.8,40.8,40.4,41.1,40.1,39.5,39.1
16:41:49,3-Mar-67,35.4,40.2,39.7,42.7,39.6,39.9,41.7,42,41.5,40.7,40.6,40.2,40.8,40.1,39.6,39.1
16:51:49,3-Mar-67,35.8,40,39.2,42.4,39.3,39.5,41.8,41.8,41.3,40.5,40.4,39.9,40.5,39.9,39.5,38.8
17:01:49,3-Mar-67,35,39.6,39.1,41.9,38.8,39.3,41.3,41.4,41.1,40.2,40.2,39.7,40.3,39.6,39.2,38.4
17:11:49,3-Mar-67,35.3,39.2,39,41.5,38.7,38.9,40.8,41.2,40.8,40,40,39.4,39.9,39.5,38.9,38.4
17:21:49,3-Mar-67,34.8,38.6,38.6,41.2,38.5,38.9,40.5,40.8,40.6,39.7,39.9,38.9,39.5,39.3,38.6,38.2
17:31:49,3-Mar-67,34.2,38.2,38.5,40.8,38,38.3,39.9,40.5,40.4,39.5,39.6,38.6,39.3,39,38.3,37.9
17:41:49,3-Mar-67,34.6,37.7,38.2,40.4,37.9,38.5,39.6,40.2,40,39.2,39.5,38.2,38.9,38.8,38.1,37.9
17:51:49,3-Mar-67,34.2,36.5,37.8,40.1,37.4,38.1,39.2,40,39.9,38.9,39.3,37.9,38.7,38.6,37.7,37.6
18:01:49,3-Mar-67,33.8,36.2,37.3,39.6,37.1,37.9,38.8,39.7,39.6,38.6,39.1,37.5,38.3,38.3,37.5,37.4
18:11:49,3-Mar-67,33.3,35.9,36.9,39.4,36.7,37.5,38.3,39.4,39.4,38.4,38.9,37,38,38,37.2,37.1
18:21:49,3-Mar-67,32.8,35.6,36.7,39.2,36.4,37.3,37.8,39,39.2,38.1,38.6,36.7,37.7,37.8,36.9,36.9
18:31:49,3-Mar-67,32.3,35.3,36.3,38.8,36,37.1,37.4,38.7,38.9,37.8,38.4,36.2,37.4,37.6,36.6,36.6
18:41:49,3-Mar-67,32.2,35.1,36.1,38.6,35.8,36.9,37.1,38.4,38.7,37.5,38.2,35.9,37.2,37.3,36.3,36.4
18:51:49,3-Mar-67,31.9,34.8,35.8,38.2,35.6,36.7,36.7,38.1,38.4,37.3,38,35.5,36.8,37.1,36.1,36.1
19:01:49,3-Mar-67,31.8,34.6,35.6,38,35.3,36.5,36.4,37.8,38.1,37,37.7,35.1,36.5,36.9,35.8,35.9
19:11:49,3-Mar-67,31.2,34.3,35.2,37.9,35.1,36.2,36,37.5,38,36.7,37.5,34.9,36.3,36.6,35.6,35.6
19:21:49,3-Mar-67,31.1,34.1,35.1,37.5,34.7,35.9,35.6,37.2,37.7,36.4,37.2,34.6,36,36.4,35.3,35.3
19:31:49,3-Mar-67,31,33.8,34.8,37.3,34.6,35.6,35.3,37,37.5,36.2,36.9,34.3,35.8,36.2,35.1,35.1
19:41:49,3-Mar-67,31.2,33.5,34.6,37,34.3,35.3,35,36.7,37.2,35.9,36.7,34.1,35.5,36,34.8,34.9
19:51:49,3-Mar-67,30.6,33.3,34.3,36.8,33.9,35,34.7,36.5,37,35.6,36.5,33.7,35.3,35.7,34.5,34.6
20:01:49,3-Mar-67,30.4,33.1,34.1,36.4,33.7,34.8,34.4,36,36.6,35.4,36.3,33.5,34.9,35.5,34.3,34.4
20:11:49,3-Mar-67,30.4,32.8,33.8,36.3,33.4,34.6,34.1,35.9,36.5,35.2,36.1,33.2,34.8,35.3,34.1,34.2
20:21:49,3-Mar-67,30.2,32.7,33.5,36,33.1,34.3,33.8,35.6,36.2,34.9,35.8,32.9,34.5,35,33.8,34
20:31:49,3-Mar-67,30.5,32.3,33.5,36,33,34.2,33.8,35.6,36.2,34.7,35.6,32.9,34.5,34.9,33.7,33.8
20:41:49,3-Mar-67,30.6,31.9,33.1,35.7,33.2,34,33.4,35.4,35.8,34.8,35.4,32.7,34.3,35,33.7,33.7
20:51:09,3-Mar-67,30.3,31.7,33.1,35.5,32.6,33.6,33,35.2,35.7,34.2,35.1,32.4,34.2,34.4,33.2,33.3
21:01:13,3-Mar-67,30.2,31.7,33.1,35.3,32.4,33.5,33,35,35.6,34,34.9,32.4,33.9,34.2,32.9,33.2
21:11:13,3-Mar-67,29.7,31.8,32.8,35.1,32.3,33.4,32.8,34.7,35.3,33.8,34.8,32.3,33.6,34.1,32.8,33.1
21:21:13,3-Mar-67,29.6,31.9,32.8,34.9,32.1,33.3,32.8,34.5,35.1,33.6,34.5,32.3,33.4,33.9,32.5,32.8
21:31:13,3-Mar-67,29.6,31.8,32.8,34.7,31.9,33.2,32.8,34.2,35,33.3,34.3,32.1,33.2,33.6,32.4,32.7
21:41:13,3-Mar-67,29.3,31.7,32.6,34.7,31.7,33,32.6,34,34.8,33.2,34.1,32,33,33.5,32.2,32.5
21:51:13,3-Mar-67,28.9,31.5,32.4,34.5,31.4,32.8,32.4,33.7,34.6,32.8,33.9,31.9,32.8,33.2,31.9,32.2
22:01:13,3-Mar-67,29,31.3,32.3,34.2,31.3,32.6,32.3,33.5,34.5,32.7,33.7,31.7,32.6,33,31.8,32.1
22:11:13,3-Mar-67,28.9,31.2,32.1,34,31.1,32.3,32.1,33.2,34.1,32.6,33.5,31.7,32.3,32.9,31.6,31.7
22:21:13,3-Mar-67,28.7,31.1,32,33.9,30.9,32.1,32,33.1,34.1,32.3,33.4,31.4,32.2,32.7,31.4,31.7
22:31:13,3-Mar-67,28.3,30.9,31.8,33.5,30.7,31.8,31.9,32.9,33.8,32.1,33.1,31.2,31.9,32.5,31.2,31.4
22:41:13,3-Mar-67,28.4,30.9,31.6,33.6,30.5,31.8,31.7,32.6,33.6,31.9,33,31.1,31.7,32.2,31,31.3
22:51:13,3-Mar-67,28.8,30.6,31.4,33.4,30.4,31.8,31.5,32.4,33.4,31.7,32.8,30.9,31.5,32.1,30.8,31.1
23:01:13,3-Mar-67,28.5,30.5,31.3,33,30.2,31.4,31.3,32.2,33.2,31.5,32.6,30.7,31.4,31.9,30.6,30.9
23:11:13,3-Mar-67,28.4,30.3,31,33,30.1,31.2,31.1,32.1,33,31.4,32.4,30.5,31.2,31.8,30.5,30.6
23:21:13,3-Mar-67,28.2,30.1,30.8,32.8,29.9,30.9,31,31.9,32.9,31.2,32.1,30.3,31.1,31.6,30.3,30.5
23:31:13,3-Mar-67,28.1,30,30.8,32.7,29.7,30.8,30.8,31.6,32.6,31,32,30.3,30.8,31.4,30.2,30.3
23:41:13,3-Mar-67,27.6,29.9,30.6,32.5,29.6,30.5,30.7,31.5,32.5,30.9,31.7,30.1,30.7,31.3,30.1,30
23:51:13,3-Mar-67,27.6,29.7,30.4,32.1,29.4,30.4,30.5,31.3,32.3,30.7,31.5,29.9,30.5,31.1,29.8,29.8
00:01:13,3-Mar-67,28.1,29.6,30.3,31.9,29.2,30.1,30.4,31.1,32,30.4,31.4,29.7,30.3,30.9,29.7,29.7
00:11:13,3-Mar-67,28,29.3,30,31.8,29.1,30.1,30.1,30.9,31.9,30.3,31.2,29.4,30.1,30.8,29.6,29.5
00:21:13,3-Mar-67,28,29.1,29.8,31.7,29,29.9,29.9,30.7,31.6,30.2,31,29.3,30,30.6,29.3,29.3
00:31:13,3-Mar-67,27.9,29,29.7,31.5,29,29.6,29.8,30.6,31.4,30.1,30.8,29.2,29.7,30.4,29.2,29
00:41:13,3-Mar-67,27.9,28.8,29.5,31.3,28.8,29.5,29.7,30.4,31.2,29.9,30.6,29,29.7,30.3,29.2,29
00:51:13,3-Mar-67,27.9,28.7,29.4,31.2,28.7,29.5,29.6,30.3,31.2,29.7,30.6,28.9,29.6,30.2,29.1,29
01:01:13,3-Mar-67,27.6,28.5,29.3,31.1,28.5,29.6,29.3,30.2,31.1,29.6,30.4,28.8,29.5,30.1,29,29.1
01:11:13,3-Mar-67,27.4,28.5,29.2,31.1,28.5,29.5,29.2,30,30.9,29.5,30.2,28.8,29.4,29.9,28.9,28.9
01:21:13,3-Mar-67,27.5,28.3,29,30.8,28.4,29.5,29.1,29.9,30.8,29.4,30.1,28.6,29.2,29.8,28.7,28.8
01:31:13,3-Mar-67,27,28.2,28.8,30.6,28.3,29.3,28.8,29.6,30.5,29.2,30,28.3,29.1,29.6,28.6,28.7
01:41:13,3-Mar-67,26.9,28.1,28.8,30.6,28.2,29.1,28.8,29.6,30.5,29.2,29.9,28.3,29,29.6,28.5,28.6
01:51:13,3-Mar-67,26.7,28.1,28.7,30.4,28,29,28.7,29.5,30.4,29,29.8,28.3,28.9,29.4,28.3,28.4
02:01:13,3-Mar-67,26.6,28,28.6,30.3,27.9,28.9,28.6,29.3,30.3,28.9,29.7,28.1,28.7,29.4,28.3,28.4
02:11:13,3-Mar-67,26.4,27.9,28.5,30.2,27.8,28.9,28.5,29.2,30.1,28.7,29.6,28.1,28.6,29.2,28.1,28.3
02:21:13,3-Mar-67,26.6,27.6,28.3,30.2,27.7,28.8,28.4,29.1,30,28.6,29.4,27.8,28.5,29.1,28,28.1
02:31:13,3-Mar-67,25.9,27.6,28.2,30.3,27.5,28.7,28.3,28.9,29.9,28.4,29.3,27.7,28.4,28.9,27.8,27.8
02:41:13,3-Mar-67,26.3,27.4,28.1,29.8,27.4,28.4,28.2,28.8,29.7,28.4,29.1,27.6,28.3,28.8,27.7,27.8
02:51:13,3-Mar-67,25.8,27.2,27.9,29.7,27.2,28.1,28,28.7,29.6,28.2,29,27.4,28,28.7,27.7,27.6
03:01:13,3-Mar-67,25.5,26.9,27.6,29.5,27.1,27.9,27.8,28.5,29.4,28.1,28.8,27.1,27.9,28.5,27.5,27.5
03:11:13,3-Mar-67,25.4,26.8,27.5,29.5,27.1,28.1,27.7,28.3,29.3,28,28.7,27.1,27.8,28.4,27.5,27.5
03:21:13,3-Mar-67,25.5,26.6,27.3,29.5,26.9,27.9,27.5,28.3,29.2,27.9,28.6,26.8,27.8,28.3,27.4,27.3
03:31:13,3-Mar-67,25.8,26.4,27.1,29.2,26.9,27.7,27.3,28.2,29,27.8,28.5,26.7,27.6,28.2,27.3,27.2
03:41:13,3-Mar-67,25.7,26.4,27,29.1,26.8,27.6,27.2,28,28.9,27.7,28.4,26.6,27.5,28,27.2,27.1
03:51:13,3-Mar-67,25.4,26.2,26.8,29.1,26.7,27.6,27,27.9,28.8,27.6,28.2,26.3,27.4,27.9,27,26.9
04:01:13,3-Mar-67,25.2,25.9,26.6,28.8,26.6,27.5,26.8,27.7,28.6,27.5,28.1,26.1,27.2,27.8,26.9,26.8
04:11:13,3-Mar-67,25,25.7,26.4,28.7,26.5,27.3,26.6,27.7,28.5,27.4,28.1,26,27.2,27.7,26.8,26.8
04:21:13,3-Mar-67,25.1,25.5,26.2,28.5,26.5,27.1,26.4,27.6,28.5,27.3,27.9,25.7,27.1,27.7,26.8,26.6
04:31:13,3-Mar-67,25.3,25.4,26.1,28.4,26.4,27.2,26.2,27.4,28.3,27.2,27.8,25.6,27,27.6,26.8,26.6
04:41:13,3-Mar-67,25.1,25.2,25.9,28.4,26.3,27.1,26.1,27.4,28.2,27.1,27.7,25.4,26.9,27.5,26.7,26.6
04:51:13,3-Mar-67,25.2,25.1,25.8,28.3,26.2,27,26,27.2,28.1,26.9,27.6,25.3,26.8,27.4,26.6,26.5
05:01:13,3-Mar-67,25.5,25,25.6,28.2,26.2,26.9,25.8,27.2,27.9,26.9,27.4,25.2,26.8,27.3,26.5,26.4
05:11:13,3-Mar-67,25.3,24.9,25.6,28.1,26.2,26.9,25.7,27.1,27.9,26.9,27.4,25.1,26.7,27.3,26.5,26.3
05:21:13,3-Mar-67,25,24.7,25.3,28,26.2,26.8,25.4,26.9,27.7,26.8,27.3,24.8,26.6,27.2,26.4,26.2
05:31:13,3-Mar-67,25.1,24.6,25.2,27.9,26.1,26.8,25.3,26.9,27.6,26.7,27.2,24.8,26.5,27.1,26.3,26.1
05:41:13,3-Mar-67,25.1,24.5,25.1,27.9,26,26.8,25.2,26.8,27.6,26.6,27.2,24.6,26.5,27,26.3,26.1
05:51:13,3-Mar-67,25.2,24.4,25,27.8,25.9,26.6,25.1,26.7,27.5,26.5,27,24.6,26.4,26.8,26.1,25.9
06:01:13,3-Mar-67,25,24.3,24.9,27.8,25.9,26.6,25,26.7,27.4,26.5,27,24.5,26.4,26.8,26.1,25.9
06:11:13,3-Mar-67,24.8,24.3,25,27.7,25.8,26.5,24.9,26.5,27.3,26.5,26.9,24.6,26.2,26.8,26.1,25.9
06:21:13,3-Mar-67,24.9,24.2,24.8,27.6,25.7,26.5,24.8,26.5,27.2,26.3,26.9,24.3,26.2,26.7,25.9,25.8
06:31:13,3-Mar-67,24.8,24.1,24.7,27.6,25.7,26.4,24.7,26.5,27.2,26.3,26.7,24.3,26.2,26.6,25.9,25.7
06:41:13,3-Mar-67,25.1,24.2,24.7,27.6,25.8,26.5,24.6,26.4,27.1,26.3,26.7,24.1,26.1,26.6,25.9,25.7
06:51:13,3-Mar-67,25.3,24.3,24.8,27.5,25.9,26.1,24.6,26.3,27,26.3,26.6,24.2,26.1,26.5,25.9,25.8
07:01:13,4-Mar-67,25.5,24.5,24.9,27.8,26,25.9,24.6,26.3,26.9,26.2,26.6,24.2,26.1,26.9,25.9,25.9
07:11:13,4-Mar-67,25.7,24.9,25.1,27.9,26.1,25.8,24.6,26.2,26.8,26.1,26.5,24.3,26.1,26.9,25.9,26
07:21:13,4-Mar-67,26.1,26,25.6,28.1,26.4,26,24.7,26.3,26.8,26.2,26.5,24.5,26.3,27,26.1,26.1
07:31:13,4-Mar-67,26.7,27.1,26.4,28.2,26.7,26.1,25.1,26.3,26.8,26.2,26.4,24.9,26.4,27.1,26.2,26.3
07:41:13,4-Mar-67,27.3,27.9,27.1,28.6,27.2,26,25.5,26.5,26.8,26.3,26.5,25.2,26.7,27.2,26.5,26.5
07:51:13,4-Mar-67,27.8,28.7,27.9,29.7,28.3,25.9,26,26.7,26.8,26.6,26.4,25.8,27.2,27.6,26.9,26.8
08:01:13,4-Mar-67,28.5,29.6,28.7,30.2,29.6,26.5,26.6,27,27,26.8,26.4,26.3,27.6,27.8,27.3,27.3
08:11:13,4-Mar-67,28.8,30.8,29.6,30.6,30.5,27.7,27.2,27.4,27.3,27.1,26.6,26.9,28,28.1,27.7,27.8
08:21:13,4-Mar-67,29.4,31.4,30.1,31.5,31.3,28.2,27.9,27.7,27.5,27.5,26.8,27.6,28.5,28.5,28.1,28.2
08:31:13,4-Mar-67,29.6,32.8,31.1,32.4,32.8,29.2,28.5,28.2,27.8,28,27.1,28.2,29,29,28.7,28.8
08:41:13,4-Mar-67,30.9,34.5,32.5,33.3,33.8,29.7,29.5,28.8,28.3,28.5,27.5,29,29.6,29.4,29.3,29.4
08:51:13,4-Mar-67,31.5,35.8,33.5,33.7,34.8,30,30.3,29.4,28.7,29.1,27.7,29.9,30.3,30,29.8,29.8
09:01:13,4-Mar-67,31.6,36.8,34.4,34.4,35.6,31.2,31.4,30,29.3,29.7,28.4,30.8,30.8,30.5,30.4,30.6
09:11:13,4-Mar-67,31.3,38.3,35.7,35.1,36.3,32,32.5,30.6,29.9,30.3,28.9,31.9,31.4,31.1,31.1,31
09:21:13,4-Mar-67,33.1,39.3,36.4,35.8,37.6,32.6,33.5,31.3,30.4,30.9,29.4,32.5,32.1,31.5,31.6,31.7
09:31:13,4-Mar-67,34.1,39.2,36.6,36.4,38.3,34.3,34.5,32,31,31.6,30.1,33.3,32.9,32.2,32.3,32.6
09:41:13,4-Mar-67,35.4,40.1,37.4,37.5,39.6,35,35.4,32.7,31.5,32.2,30.7,34,33.5,32.8,33,33
09:51:13,4-Mar-67,33.1,41.8,38.9,38,39.4,34.5,36.3,33.4,32.2,33,31.3,35.1,34.1,33.4,33.6,33.8
10:01:13,4-Mar-67,34,43,39.7,39.7,40.7,36.8,37.5,34.2,32.9,33.6,32.1,36.1,34.4,33.9,34.2,34.1
10:11:13,4-Mar-67,34.2,43.2,40,38.8,41.3,36.1,38.3,34.9,33.5,34.3,32.6,36.7,35.4,34.6,34.8,34.5
10:21:13,4-Mar-67,34.9,44.4,41.3,40.1,41.8,38.2,39.1,35.5,34.1,35,33.3,37.6,36,35.1,35.5,35.4
10:31:13,4-Mar-67,35.5,45.1,42.1,41.5,42.5,38.3,39.8,36.4,34.7,35.7,34,38.4,36.6,35.7,36.1,36
10:41:13,4-Mar-67,35.8,45.1,42,42.6,43.7,39.4,40.6,37.1,35.3,36.4,34.6,39.1,36.7,36.4,36.8,36.6
10:51:13,4-Mar-67,35.9,45.8,42.8,42.5,44.2,39.8,41.4,37.8,36.1,37,35.2,39.8,37.8,36.9,37.3,36.9
11:01:13,4-Mar-67,35.5,45.3,42.8,42.6,44.2,39.8,42,38.4,36.7,37.7,35.9,39.9,38.5,37.4,37.9,37.8
11:11:13,4-Mar-67,35.3,46.5,43.8,42,43.5,39.6,42.6,39.1,37.5,38.3,36.5,40.8,39,37.9,38.4,38.4
11:21:13,4-Mar-67,37.9,46.6,43.9,43.5,45,42.8,43.3,39.7,38.1,38.8,37.2,41.1,39.2,38.4,38.8,38.8
11:31:13,4-Mar-67,36.2,47,44.5,44.1,45,42.4,43.8,40.3,38.5,39.3,37.9,41.5,39.8,38.9,39.3,39
11:41:13,4-Mar-67,36.7,47.9,45.1,42.7,46.1,42.4,44.3,40.8,38.9,40,38.3,42.6,40.6,39.7,40.1,39.5
11:51:13,4-Mar-67,37.5,47.8,45.4,44,44.8,43.5,44.7,41.2,39.6,40.2,39,42.8,40.7,39.3,39.8,39.5
12:01:13,4-Mar-67,36.6,47.2,45.2,46,45.5,43.2,44.9,41.9,40.1,40.7,39.3,42.4,41.4,40.2,40.5,40.1
12:11:13,4-Mar-67,38.8,48.7,46.4,45.7,46.6,45.8,45.4,42.3,40.4,41.1,40.2,43.7,41.7,40.6,40.9,40.4
12:21:13,4-Mar-67,36.2,48.6,46.4,46.3,46.4,45.9,45.7,42.8,40.8,41.4,40.7,43.6,42,41.2,41.1,40.7
12:31:13,4-Mar-67,38.7,47.7,45.9,45,46.9,45.5,45.9,43.1,41.1,41.9,41.1,43,42.5,41.5,41.8,41
12:41:13,4-Mar-67,36.1,48,46.3,44.2,44.3,44.2,46,43.3,41.7,42.1,41.4,44,41.9,41.3,41.4,41
12:51:13,4-Mar-67,35.5,47.8,46.5,45.7,43.4,45.1,46,43.6,42,42.1,41.6,44.2,42.4,41.2,40.8,40.7
13:01:13,4-Mar-67,35.7,47,46.5,45,43.3,43.1,45.7,43.7,42.2,42.1,41.8,44.6,42.7,41.5,41.1,41
13:11:13,4-Mar-67,37,46,46.9,43.7,43.9,43.1,45.1,43.6,42.1,42.3,41.9,44.7,42.3,41.7,41.5,41.1
13:21:13,4-Mar-67,39.3,46.4,46.7,45.5,44.7,44.2,45.3,43.9,42.3,42.3,42,44.9,43.1,41.9,41.4,41.1
13:31:13,4-Mar-67,39.5,46,45.6,44.5,45.5,43.6,45.7,44,42.2,42.6,42.2,44.2,43.3,42.2,42.1,41.8
13:41:13,4-Mar-67,36.4,46.7,45,45.1,44.6,42.8,46.1,44.2,42.4,42.8,42.3,43.9,43.4,42.3,42.3,41.5
13:51:13,4-Mar-67,40.1,46.7,44.9,45.1,45.9,44.2,46.5,44.4,42.6,43,42.5,44.2,43.8,42.5,42.7,42.1
14:01:13,4-Mar-67,37.6,46.9,44.9,46.7,45.4,43,46.3,44.7,42.9,43.2,42.6,44.1,44,42.6,42.8,42
14:11:13,4-Mar-67,38.6,46.5,44.7,46.6,45.3,43.7,46,44.9,43.1,43.3,42.9,43.7,44.1,42.9,42.9,42.4
14:21:13,4-Mar-67,39.1,45.9,44.1,46.5,45,44.7,46.1,45,43.3,43.4,43.1,43.6,44.3,42.7,42.8,42.2
14:31:13,4-Mar-67,40.3,46.2,44.3,46.2,44.5,44.5,46.1,45,43.4,43.4,43,43.8,44.1,42.7,42.9,42.2
14:41:13,4-Mar-67,40.6,45.5,44.2,45.9,44.3,44.3,46.2,45.1,43.5,43.5,42.9,43.8,43.7,42.9,42.9,42.2
14:51:13,4-Mar-67,38.4,45.1,43.9,45.2,43.6,43.6,46.3,45,43.6,43.4,43,43.6,43.8,42.9,42.6,41.9
15:01:13,4-Mar-67,37.6,44.9,43.5,45.2,43.1,43,45.9,44.7,43.7,43.4,43,43.3,43.5,42.6,42.4,41.8
15:11:13,4-Mar-67,39.6,44.6,43.2,45.3,43.1,43.1,46,44.7,43.6,43.3,42.9,43.7,43.7,42.7,42.4,41.8
15:21:13,4-Mar-67,38.7,44.6,43.5,44.2,43,43,45.7,44.5,43.6,43,42.9,43.6,43.6,42.8,42.2,41.6
15:31:13,4-Mar-67,38.6,44.5,43,44.8,42.7,41.9,45.6,44.5,43.4,43,42.6,43.3,43.6,42.7,42.1,41.5
15:41:13,4-Mar-67,38.5,44,42.9,43.9,42.4,42.1,45,44.2,43.3,42.9,42.5,43.2,43.4,42.7,42,41.4
15:51:13,4-Mar-67,38.7,44.1,42.8,45,42.3,41.3,45.5,44.3,43.4,42.8,42.6,43.2,43.3,42.7,42,41.4
16:01:13,4-Mar-67,38.3,43.5,42.6,45.2,42,42.3,45,44.1,43.4,42.6,42.7,43,43.2,42.6,41.5,40.9
16:11:13,4-Mar-67,37.7,42.9,42.4,44.4,41.6,42.6,44,43.9,43.3,42.4,42.5,42.5,42.6,42.1,41.2,40.6
16:21:13,4-Mar-67,37.3,42.4,42.1,43.9,41.4,41.9,43.8,43.5,43.1,42.2,42.3,42.4,42.4,42,41.2,40.7
16:31:13,4-Mar-67,37.2,41.8,41.8,43.7,41.1,41.4,43.4,43.3,43.1,42,42.3,42,42.1,42,40.9,40.4
16:41:13,4-Mar-67,36.5,42.1,41.7,43.4,41,41.2,43.4,43.1,42.9,41.8,42.1,42,41.9,41.7,40.7,40.3
16:51:13,4-Mar-67,36.8,41.5,41.3,43.7,40.8,40.9,43.2,42.9,42.8,41.6,42,41.7,41.8,41.7,40.6,40.2
17:01:13,4-Mar-67,36.4,40.9,41.3,43.2,40.4,41.2,42.7,42.7,42.6,41.3,41.8,41.4,41.5,41.4,40.3,39.9
17:11:13,4-Mar-67,36.2,40.2,40.6,43,39.9,40.7,42.3,42.4,42.3,41.1,41.5,40.9,40.9,41.1,39.9,39.5
17:21:13,4-Mar-67,36,39.9,40.6,42.6,39.7,40.5,41.8,42.1,42.1,41,41.3,40.6,40.4,41,39.7,39.3
17:31:13,4-Mar-67,36.2,39.3,40,42.2,39.2,40,41.3,41.8,41.8,40.7,41,40.1,40.3,40.7,39.4,39.1
17:41:13,4-Mar-67,35.9,38.8,39.8,42,38.9,39.6,40.8,41.6,41.7,40.4,40.8,39.7,40.2,40.5,39.2,38.9
17:51:13,4-Mar-67,35.8,38.3,39.2,41.7,38.7,39.4,40.4,41.3,41.4,40.2,40.5,39.3,40,40.4,39,38.7
18:01:13,4-Mar-67,35.7,37.9,38.9,41.5,38.3,39.1,39.9,40.9,41.1,39.9,40.2,38.9,39.7,40,38.6,38.3
18:11:13,4-Mar-67,35.3,37.5,38.5,41,38,38.9,39.5,40.7,41,39.6,40.1,38.5,39.5,39.8,38.4,38.1
18:21:13,4-Mar-67,34.9,37.1,38.2,40.9,37.8,38.4,39.2,40.3,40.7,39.4,39.9,38.2,39.2,39.7,38.2,37.9
18:31:13,4-Mar-67,34.8,36.7,37.8,40.5,37.4,38.3,38.7,40.1,40.5,39.1,39.8,37.8,38.9,39.4,37.9,37.6
18:41:13,4-Mar-67,34.4,36.3,37.6,40.2,37.1,37.9,38.3,39.8,40.2,38.8,39.6,37.4,38.6,39.2,37.6,37.4
18:51:13,4-Mar-67,34.2,35.9,37.2,40.1,36.8,37.5,37.9,39.5,39.9,38.5,39.3,37,38.3,38.9,37.1,37
19:01:13,4-Mar-67,33.9,35.7,36.9,39.7,36.5,37.4,37.5,39.2,39.7,38.2,39.1,36.6,38.1,38.7,37,36.9
19:11:13,4-Mar-67,33.7,35.4,36.5,39.3,36.1,37,37.1,38.9,39.4,37.9,38.8,36.2,37.7,38.4,36.8,36.7
19:21:13,4-Mar-67,33.4,35.2,36.2,39.2,36,36.6,36.7,38.7,39.2,37.7,38.6,35.8,37.4,38.1,36.4,36.3
19:31:13,4-Mar-67,33.2,35.1,35.8,38.9,35.7,36.5,36.5,38.5,39,37.5,38.4,35.6,37.1,38.1,36.4,36.3
19:41:13,4-Mar-67,33,35,35.7,38.6,35.4,36.2,36.1,38,38.7,37.1,38.1,35.3,36.9,37.7,36,35.9
19:51:13,4-Mar-67,32.9,34.6,35.4,38.4,35.3,35.9,35.8,37.8,38.5,36.9,37.9,34.9,36.6,37.5,35.9,35.8
20:01:13,4-Mar-67,32.5,34.3,35.2,38.1,35.1,35.7,35.4,37.5,38.2,36.7,37.5,34.7,36.3,37.4,35.8,35.7
20:11:13,4-Mar-67,32.7,34.1,34.9,38,35.1,35.3,35.2,37.3,38,36.6,37.3,34.4,36.2,37.2,35.7,35.7
20:21:13,4-Mar-67,32.2,33.9,34.6,37.9,35,35.2,34.9,37.1,37.8,36.3,37.1,34.1,36.1,37.1,35.5,35.5
20:31:13,4-Mar-67,32,33.8,34.5,37.4,34.8,35.1,34.8,36.8,37.5,36.2,36.8,34.1,35.5,36.9,35.1,35.2
20:41:13,4-Mar-67,31.6,33.6,34.3,37.4,34.6,34.9,34.5,36.7,37.4,36,36.7,33.9,35.7,36.7,34.9,35
20:51:13,4-Mar-67,31.7,33.4,34.1,37.2,34.3,34.9,34.2,36.4,37.2,35.7,36.5,33.6,35.4,36.4,34.7,34.8
21:01:13,4-Mar-67,31.9,33.3,34,36.9,34.1,34.7,34.1,36.2,36.9,35.5,36.2,33.4,35,36.3,34.6,34.7
21:11:13,4-Mar-67,31.8,33.1,33.7,36.7,33.8,34.4,33.8,35.9,36.7,35.3,36,33.2,34.8,36,34.3,34.4
21:21:13,4-Mar-67,31.8,33,33.6,36.5,33.7,34.1,33.6,35.7,36.5,35.1,35.8,33,34.6,35.8,34.2,34.4
21:31:13,4-Mar-67,31.7,33.2,33.8,36.4,33.5,34,33.9,35.5,36.3,34.9,35.6,33.3,34.5,35.6,34,34.2
21:41:13,4-Mar-67,31.5,33,33.7,36.1,33.4,33.9,33.7,35.3,36.1,34.8,35.4,33.1,34.1,35.4,33.8,34
21:51:13,4-Mar-67,31.6,32.5,33.3,35.9,33.2,33.6,33.3,35.1,35.9,34.5,35.2,32.8,33.8,35.2,33.7,33.9
22:01:13,4-Mar-67,31.5,32.4,33.1,35.8,32.9,33.4,33.2,34.8,35.7,34.3,35,32.6,33.2,35,33.4,33.6
22:11:13,4-Mar-67,31.6,32.3,32.8,35.6,32.8,33.3,33,34.6,35.5,34.2,34.7,32.4,33.2,34.8,33.3,33.5
22:21:13,4-Mar-67,31.4,32,32.6,35.4,32.5,33.1,32.9,34.4,35.3,33.9,34.5,32.2,33.1,34.4,33,33.2
22:31:13,4-Mar-67,31.3,31.4,32.5,35.1,32.3,32.9,32.8,34.1,35.1,33.8,34.3,32.2,32.6,34.3,32.9,33.1
22:41:13,4-Mar-67,31.2,31.6,32.3,34.9,32.3,32.5,32.6,33.9,34.9,33.6,34.1,32,32.6,34.2,32.8,33.1
22:51:19,4-Mar-67,30.6,31.5,32.4,35,32,32.4,32.4,33.8,34.7,33.3,34.1,31.8,32.6,34,32.5,32.8
23:01:19,4-Mar-67,30.6,31.2,32,34.5,32,32.3,32.1,33.3,34.3,33.2,33.8,31.5,32.3,33.8,32.4,32.5
23:11:19,4-Mar-67,30.4,31,31.9,34.2,31.8,32.2,32,33.1,34.2,33,33.7,31.4,32,33.7,32.3,32.5
23:21:19,4-Mar-67,30.4,31.1,31.9,34.2,31.7,32.1,31.9,33.1,34.1,32.9,33.5,31.4,32.1,33.5,32.2,32.4
23:31:19,4-Mar-67,30.3,30.9,31.7,34.1,31.6,32,31.8,33,33.9,32.7,33.4,31.3,32.1,33.4,32.1,32.3
23:41:19,4-Mar-67,30.1,30.8,31.5,33.8,31.4,31.7,31.7,32.6,33.7,32.6,33.2,31.1,31.8,33.2,31.9,32
23:51:19,4-Mar-67,30,30.6,31.3,33.6,31.4,31.7,31.6,32.6,33.5,32.5,33,31.1,31.8,33.1,31.8,31.9
00:01:19,4-Mar-67,30,30.5,31.3,33.6,31.2,31.5,31.5,32.4,33.4,32.3,32.9,30.9,31.6,32.9,31.6,31.7
00:11:19,4-Mar-67,29.7,30.4,31.1,33.4,31,31.2,31.3,32.3,33.2,32.2,32.8,30.8,31.6,32.6,31.4,31.5
00:21:19,4-Mar-67,29.5,30.3,31,33.3,30.8,31.1,31.1,32.2,33.1,32,32.5,30.6,31.3,32.5,31.2,31.3
00:31:19,4-Mar-67,29.6,30.1,30.8,33.1,30.7,31,31,32,32.9,31.9,32.4,30.5,31.3,32.4,31.2,31.3
00:41:19,4-Mar-67,29.4,29.9,30.6,33,30.6,30.9,30.8,31.9,32.8,31.7,32.3,30.3,31.2,32.3,31.1,31.2
00:51:19,4-Mar-67,29.3,29.8,30.5,32.7,30.5,30.9,30.7,31.6,32.6,31.6,32.1,30.3,31,32.2,30.9,31.1
01:01:19,4-Mar-67,29.3,29.6,30.4,32.7,30.4,30.8,30.6,31.6,32.5,31.5,32,30.1,30.9,32.1,30.8,30.9
01:11:19,4-Mar-67,29.2,29.6,30.2,32.5,30.3,30.6,30.5,31.4,32.3,31.4,31.9,30,30.6,31.9,30.7,30.9
01:21:19,4-Mar-67,29,29.4,30.1,32.4,30.2,30.4,30.3,31.2,32.1,31.2,31.7,29.8,30.5,31.8,30.6,30.7
01:31:19,4-Mar-67,28.9,29.5,30.1,32.4,30.1,30.3,30.2,31.1,32,31.1,31.6,29.9,30.6,31.7,30.5,30.5
01:41:19,4-Mar-67,28.7,29.2,29.9,32.1,30,30.2,30.2,30.9,31.9,31,31.5,29.8,30.3,31.6,30.5,30.6
01:51:19,4-Mar-67,28.6,29.2,29.9,32,29.9,30.1,30,30.9,31.7,30.9,31.4,29.7,30.4,31.5,30.4,30.5
02:01:19,4-Mar-67,28.4,29.2,29.8,31.9,29.8,30,29.9,30.8,31.6,30.8,31.3,29.6,30.2,31.3,30.2,30.4
02:11:19,4-Mar-67,28.5,28.9,29.6,31.8,29.7,29.8,29.8,30.7,31.5,30.6,31.1,29.4,30.1,31.2,30,30.1
02:21:19,4-Mar-67,28.2,28.9,29.6,31.7,29.5,29.7,29.7,30.6,31.4,30.5,31,29.3,30,31.1,29.9,30
02:31:19,4-Mar-67,28.1,28.7,29.4,31.5,29.4,29.6,29.5,30.5,31.3,30.3,30.9,29.1,29.9,30.9,29.7,29.8
02:41:19,4-Mar-67,28,28.6,29.3,31.4,29.2,29.5,29.4,30.3,31.1,30.2,30.8,29,29.6,30.7,29.7,29.7
02:51:19,4-Mar-67,27.9,28.6,29.2,31.2,29.1,29.3,29.3,30,31,30.1,30.7,29,29.7,30.6,29.5,29.6
03:01:19,4-Mar-67,27.8,28.4,29,31.1,29,29.3,29.2,30.1,30.9,30,30.5,28.8,29.5,30.5,29.5,29.5
03:11:19,4-Mar-67,27.5,28.2,28.9,31,28.9,29,29,29.9,30.7,30,30.4,28.7,29.4,30.5,29.4,29.4
03:21:19,4-Mar-67,27.3,28.3,28.9,30.9,28.8,28.9,29,29.8,30.6,29.8,30.2,28.6,29.2,30.3,29.2,29.2
03:31:19,4-Mar-67,27.3,28,28.6,30.7,28.7,28.8,28.8,29.6,30.4,29.7,30.1,28.4,29,30.2,29,29.1
03:41:19,4-Mar-67,27.2,27.8,28.5,30.6,28.5,28.7,28.6,29.5,30.3,29.6,30.1,28.3,29,30.1,28.9,29
03:51:19,4-Mar-67,26.9,27.7,28.3,30.4,28.3,28.5,28.5,29.4,30.2,29.4,29.9,28.2,28.8,29.8,28.8,28.8
04:01:19,4-Mar-67,26.7,27.5,28.2,30.3,28.2,28.4,28.4,29.3,30.1,29.3,29.7,28,28.8,29.8,28.6,28.7
04:11:19,4-Mar-67,26.6,27.4,28,30.1,28.1,28.2,28.2,29.1,29.9,29.2,29.6,27.9,28.6,29.6,28.5,28.5
04:21:19,4-Mar-67,26.7,27.3,28,30,28,28.1,28.1,29,29.8,29.1,29.5,27.8,28.5,29.5,28.4,28.5
04:31:19,4-Mar-67,26.5,27.2,27.9,29.9,27.9,28,28,28.9,29.7,29,29.3,27.7,28.4,29.3,28.3,28.2
04:41:19,4-Mar-67,26.5,27.1,27.8,29.8,27.7,27.9,27.9,28.8,29.5,28.8,29.2,27.6,28.3,29.2,28.1,28.1
04:51:19,4-Mar-67,26.3,26.9,27.6,29.7,27.6,27.8,27.7,28.7,29.4,28.7,29.1,27.4,28.2,29.1,28,28.1
05:01:19,4-Mar-67,26.3,26.8,27.5,29.6,27.5,27.7,27.6,28.6,29.2,28.5,29,27.3,28.1,29,27.9,27.9
05:11:19,4-Mar-67,26.2,26.7,27.4,29.5,27.4,27.6,27.5,28.5,29.1,28.4,28.9,27.2,27.9,28.9,27.8,27.8
05:21:19,4-Mar-67,26.1,26.5,27.2,29.3,27.3,27.5,27.4,28.3,29,28.3,28.7,27,27.7,28.8,27.7,27.7
05:31:19,4-Mar-67,26.1,26.4,27,29.1,27.2,27.4,27.2,28.1,28.9,28.2,28.6,26.9,27.6,28.7,27.6,27.6
05:41:19,4-Mar-67,25.9,26.3,27,29,27.1,27.3,27.1,28,28.8,28.2,28.5,26.8,27.6,28.6,27.6,27.5
05:51:19,4-Mar-67,25.9,26.3,26.9,28.9,27.1,27.2,27,28,28.7,28.1,28.3,26.7,27.4,28.5,27.5,27.4
06:01:19,4-Mar-67,25.7,26.2,26.8,28.8,26.9,27,26.9,27.8,28.5,27.9,28.2,26.6,27.3,28.3,27.3,27.3
06:11:19,4-Mar-67,25.5,26.1,26.7,28.7,26.8,26.9,26.8,27.7,28.4,27.8,28.1,26.5,27.2,28.2,27.2,27.2
06:21:19,4-Mar-67,25.5,26,26.6,28.6,26.7,26.8,26.7,27.5,28.2,27.7,28,26.4,27.1,28.1,27.1,27.1
06:31:19,4-Mar-67,25.6,26,26.5,28.5,26.8,26.8,26.7,27.5,28.1,27.5,27.9,26.3,27,28,27,27
06:41:19,4-Mar-67,25.7,26,26.6,28.5,26.7,26.7,26.6,27.3,28.1,27.4,27.8,26.3,27,27.9,26.9,26.9
06:51:19,4-Mar-67,25.9,26,26.6,28.4,26.9,26.6,26.4,27.2,28,27.4,27.7,26.2,26.8,27.9,27,26.8
07:01:19,5-Mar-67,26.1,26.4,26.7,28.3,27,26.8,26.5,27.2,27.9,27.4,27.6,26.2,26.8,27.7,27,26.9
07:11:19,5-Mar-67,26.7,26.6,26.8,28.2,27.1,27.4,26.5,27,27.8,27.3,27.5,26.2,26.8,27.7,27,27
07:21:19,5-Mar-67,27.1,27.6,27.1,28.4,27.4,27.6,26.6,27,27.8,27.3,27.5,26.3,26.8,27.7,27.1,27.2
07:31:19,5-Mar-67,28.1,29.7,27.9,28.5,28.3,27.4,26.9,27,27.8,27.4,27.5,26.6,27,27.8,27.3,27.4
07:41:19,5-Mar-67,28,31.4,29.6,29.2,28.9,27.1,27.7,27.1,27.8,27.5,27.3,27.2,27.3,28.1,27.6,27.7
07:51:19,5-Mar-67,29.1,32.8,30.6,30.6,30.7,27.9,28.5,27.3,28.1,27.7,27.3,27.9,27.6,28.3,28,28.1
08:01:19,5-Mar-67,29.8,34.1,31.8,31.2,31.9,28.9,29.3,27.4,28.2,28,27.5,28.6,28,28.6,28.4,28.8
08:11:19,5-Mar-67,29.9,35.2,32.8,32.1,33,29.4,30.4,27.8,28.6,28.4,27.7,29.5,28.5,29.1,28.9,29.2
08:21:19,5-Mar-67,30.8,36.7,34,33.3,34.3,30.8,31.4,28.2,28.9,28.8,28.1,30.3,28.8,29.5,29.4,29.8
08:31:19,5-Mar-67,32.3,38,35.2,33.7,35.4,31.2,32.3,28.6,29.4,29.4,28.5,31.1,29.5,30,30,30.3
08:41:19,5-Mar-67,31.8,39.1,36.1,34.5,36.2,33.1,33.4,29.2,29.9,29.9,29,32,30,30.5,30.5,31
08:51:19,5-Mar-67,33.1,40.8,37.4,35.7,37.4,33,34.5,29.9,30.5,30.5,29.4,33.1,30.8,31,31.2,31.5
09:01:19,5-Mar-67,32.3,41.8,38.2,36.2,38.3,34.5,35.5,30.6,31.1,31.2,30.1,34,31.4,31.7,31.9,32.3
09:11:19,5-Mar-67,33.3,42.9,39.1,37.2,39.1,35.8,36.7,31.2,31.7,31.9,30.7,34.6,31.8,32.4,32.6,33
09:21:19,5-Mar-67,33.8,43.8,39.9,37.7,40.1,36.8,37.7,32,32.3,32.6,31.4,35.9,32.7,32.9,33.2,33.7
09:31:19,5-Mar-67,33.2,44.3,40.5,38.4,40.4,37.1,38.9,32.7,33,33.3,32,36.7,33.3,33.5,33.8,34.2
09:41:19,5-Mar-67,34.3,45.5,41.5,39.1,41.3,38.4,39.8,33.4,33.6,34,32.6,37.7,34,34.2,34.4,34.7
09:51:19,5-Mar-67,34.8,46.1,42.3,39.9,42,38.1,40.6,34.1,34.3,34.7,33.2,38.5,34.6,34.8,35.2,35.4
10:01:19,5-Mar-67,34.3,46.5,43.1,40.8,42.4,39.2,41.5,34.9,35,35.3,33.9,39.2,35.3,35.4,35.7,36
10:11:19,5-Mar-67,35.8,46.6,43.1,40.9,43.1,40.4,42.3,35.6,35.6,36,34.6,39.6,35.8,35.9,36.2,36.3
10:21:19,5-Mar-67,36.6,48.4,44.3,41.5,44.1,41.7,43,36.2,36.2,36.7,35.3,40.2,36.1,36.4,36.9,37
10:31:19,5-Mar-67,,48.6,44.9,41.8,44,,43.8,37,36.8,37.4,0,41.2,37.2,37.1,37.5,0
10:41:19,5-Mar-67,,49.1,45.5,42.8,44.6,,44.4,37.8,37.4,37.9,0,41.6,37.6,37.5,37.9,0
10:51:19,5-Mar-67,,48.7,45.7,44.1,45,,44.9,38.5,38.2,38.5,0,42.4,38.3,38,38.5,0
11:01:19,5-Mar-67,,49,45.9,43.7,45.5,,45.6,38.9,38.7,39.1,0,42.8,38.9,38.6,39,0
11:11:19,5-Mar-67,,50.6,47.3,44.9,46.2,,46.1,39.8,39.3,39.7,0,43.6,39.5,39.2,39.6,0
11:21:19,5-Mar-67,,49.9,47.2,45.4,46.2,,46.6,40.4,39.9,40.2,0,44.3,40.2,39.5,39.9,0
11:31:19,5-Mar-67,,50.4,47.4,45.1,47.1,,47.2,40.8,40.4,40.7,0,44.4,40.5,40.2,40.5,0
11:41:19,5-Mar-67,,50.6,47.4,45,47.6,,47.5,41.5,40.8,41.3,0,44.8,41.3,40.7,41.2,0
11:51:19,5-Mar-67,,51.6,48.4,46.5,47.7,,48.1,42.1,41.3,41.8,0,45.5,41.6,41.1,41.6,0
12:01:19,5-Mar-67,,51.4,48.6,46.2,47.5,,48.5,42.7,41.8,42.2,0,46.2,42.5,41.4,41.9,0
12:11:19,5-Mar-67,,50.8,48.4,46.3,47.2,,48.9,43.2,42.4,42.6,0,46.3,42.8,41.7,42.2,0
12:21:19,5-Mar-67,,51.3,48.8,46.9,47.9,,49.1,43.6,42.9,43,0,46.6,43.1,42.2,42.7,0
12:31:19,5-Mar-67,,51.9,49.3,46.9,47.7,,49.3,44,43.1,43.4,0,46.7,43.5,42.5,42.9,0
12:41:19,5-Mar-67,,52.1,49.5,47.6,47.7,,49.7,44.4,43.5,43.8,0,46.9,43.8,42.9,43.3,0
12:51:19,5-Mar-67,,50.9,48.7,46.6,46.6,,49.8,44.8,43.9,44,0,47.1,44.3,43.2,43.6,0
13:01:19,5-Mar-67,,48.8,47.4,45.9,47.6,,49.6,45.2,44.1,44.2,0,47.3,44.2,43.3,43.5,0
13:11:19,5-Mar-67,,50.3,48.2,46.5,48,,49.5,45.5,44.3,44.6,0,46.9,44.8,43.8,44.1,0
13:21:19,5-Mar-67,,50,47.7,46.7,47.8,,49.6,45.8,44.6,44.7,0,46.8,45.2,43.9,44.3,0
13:31:19,5-Mar-67,,51.4,48.2,47.4,46.8,,50,45.9,45,44.9,0,47.3,45.5,44.2,44.5,0
13:41:19,5-Mar-67,,51.2,48.1,47.5,47.3,,50.1,46.1,45.2,45.1,0,46.5,45.2,44.3,44.4,0
13:51:19,5-Mar-67,,51,47.5,47.5,46.7,,50,46.1,45.5,45.2,0,46.6,45.5,44.3,44.7,0
14:01:19,5-Mar-67,,49,46.8,47.3,45.4,,49.9,46.2,45.8,45.2,0,46,45,44.1,44.3,0
14:11:19,5-Mar-67,,48.4,46.7,47.9,46.3,,49,46.5,45.7,45.2,0,46.5,45.5,44.4,44.6,0
14:21:19,5-Mar-67,,48.2,46.3,47.1,45.4,,48.9,46.1,46,45.3,0,46.3,45.2,44.5,44.6,0
14:31:19,5-Mar-67,,48.2,46.7,47.3,45.5,,48.7,46.1,46.2,45.4,0,46.2,45.1,44.7,44.9,0
14:41:19,5-Mar-67,,46.8,46.3,46.6,45.1,,48.3,46,46.1,45.3,0,46.4,45.4,44.3,44.5,0
14:51:19,5-Mar-67,,45.9,46.1,46.5,44.6,,47.9,46.1,46,45.1,0,45.8,45.1,44.1,44.1,0
15:01:19,5-Mar-67,,45.8,45.9,46.1,45,,47.7,46.1,45.9,45.1,0,45.7,44.9,44.5,44.4,0
15:11:19,5-Mar-67,,45.4,45.4,46,44.4,,47.4,46.2,45.9,45,0,46.1,45.5,44.3,44.2,0
15:21:19,5-Mar-67,,45.7,45,45.6,44.1,,47.4,46,45.6,44.7,0,45.7,45.2,44.3,44,0
15:31:19,5-Mar-67,,45.4,44.8,46,44.2,,47.3,45.8,45.6,44.6,0,45.5,45.2,44.1,43.9,0
15:41:19,5-Mar-67,,45.3,45,46.3,43.3,,47,45.9,45.4,44.5,0,45.5,45.2,43.6,43.3,0
15:51:19,5-Mar-67,,44.5,45.4,46.2,43.3,,46.2,45.8,45.3,44.3,0,45.6,45,43.5,43.3,0
16:01:19,5-Mar-67,,44.4,45.2,45.8,43.3,,45.8,45.7,45.1,44.1,0,45.4,45,43.5,43.1,0
16:11:19,5-Mar-67,,44,43.9,45.1,42.7,,45.7,45.5,44.9,43.8,0,44.6,44.8,43.2,42.6,0
16:21:19,5-Mar-67,,44.1,44.1,45,42.8,,45.5,45.2,44.8,43.6,0,44.2,44.2,43.1,42.4,0
16:31:19,5-Mar-67,,43.2,43.9,45,42.5,,45.1,44.9,44.6,43.4,0,44.2,43.7,43.1,42.3,0
16:41:19,5-Mar-67,,43.1,43.4,44.7,42.3,,44.8,44.9,44.4,43.3,0,43.6,43.4,43,42.3,0
16:51:19,5-Mar-67,,42.2,43.7,44.8,41.9,,44.2,44.7,44.2,43,0,43.8,43.5,42.8,42,0
17:01:19,5-Mar-67,,41.8,43.1,44.4,41.5,,43.8,44.6,44,42.8,0,43.6,43.3,42.4,41.7,0
17:11:19,5-Mar-67,,41.4,42.7,43.6,41.1,,43.5,44.3,43.6,42.6,0,43,42.8,42.3,41.3,0
17:21:19,5-Mar-67,,41.1,42.2,43.7,40.9,,43.1,43.9,43.4,42.2,0,42.3,42.6,42.1,41,0
17:31:19,5-Mar-67,,40.7,41.7,43.1,40.5,,42.7,43.7,43.2,41.9,0,41.8,42.3,41.8,40.7,0
17:41:19,5-Mar-67,,40.1,41.3,42.8,40,,42.2,43.4,42.9,41.7,0,41.4,42,41.5,40.4,0
17:51:19,5-Mar-67,,39.5,40.9,42.4,39.6,,41.7,43.1,42.7,41.3,0,40.9,41.6,41.1,40.1,0
18:01:19,5-Mar-67,,38.9,40.5,42,39.2,,41.2,42.8,42.4,41.1,0,40.5,41.3,40.9,39.8,0
18:11:19,5-Mar-67,,38.3,39.8,41.5,38.8,,40.7,42.3,42.1,40.8,0,39.9,41,40.7,39.4,0
18:21:19,5-Mar-67,,37.9,39.6,41.1,38.4,,40.3,42.1,41.9,40.4,0,39.4,40.7,40.4,39,0
18:31:19,5-Mar-67,,37.3,39,41,38,,39.7,41.6,41.6,40,0,38.8,40.2,40,38.7,0
18:41:19,5-Mar-67,,37.1,38.8,40.4,37.6,,39.3,41.4,41.3,39.8,0,38.5,39.9,39.7,38.4,0
18:51:19,5-Mar-67,,36.5,38.2,40,37.3,,38.8,41,41,39.5,0,38.1,39.5,39.5,38.2,0
19:01:19,5-Mar-67,,36.3,38,39.9,37,,38.5,40.6,40.7,39.2,0,37.7,39.2,39.3,37.9,0
19:11:19,5-Mar-67,,35.8,37.4,39.5,36.6,,38,40.3,40.4,38.7,0,37.2,38.8,38.9,37.4,0
19:21:19,5-Mar-67,,35.2,37.1,39.4,36.3,,37.6,40,40.1,38.4,0,36.8,38.5,38.6,37,0
19:31:19,5-Mar-67,,34.9,36.8,39,36,,37.1,39.6,39.8,38.1,0,36.3,38.1,38.3,36.7,0
19:41:19,5-Mar-67,,34.5,36.4,38.6,35.6,,36.7,39.2,39.5,37.8,0,35.9,37.7,37.9,36.4,0
19:51:19,5-Mar-67,,34.2,36.1,38.3,35.1,,36.3,38.9,39.2,37.4,0,35.5,37.5,37.5,35.7,0
20:01:19,5-Mar-67,,33.9,35.7,38,34.9,,35.9,38.4,38.9,37,0,35.1,37,37.3,35.6,0
20:11:19,5-Mar-67,,33.6,35.5,37.8,34.7,,35.6,38.1,38.6,36.7,0,34.8,36.8,37,35.4,0
20:21:19,5-Mar-67,,33.3,35.1,37.5,34.4,,35.2,37.7,38.3,36.4,0,34.5,36.4,36.8,35.2,0
20:31:19,5-Mar-67,,33.1,34.9,37.2,34.2,,34.9,37.5,38,36.2,0,34.1,36.2,36.5,34.9,0
20:41:19,5-Mar-67,,32.8,34.5,36.7,34,,34.6,37.1,37.7,35.9,0,33.9,35.8,36.3,34.7,0
20:51:19,5-Mar-67,,32.7,34.4,36.8,33.8,,34.2,36.8,37.4,35.6,0,33.6,35.5,36.1,34.5,0
21:01:19,5-Mar-67,,32.5,34.1,36.4,33.6,,34,36.5,37.2,35.4,0,33.4,35.4,35.9,34.3,0
21:11:19,5-Mar-67,,32.1,33.8,36.2,33.4,,33.7,36.1,36.9,35.1,0,33.2,35.1,35.7,33.9,0
21:21:19,5-Mar-67,,31.8,33.6,36,33.3,,33.5,35.9,36.7,35,0,32.9,34.8,35.5,33.8,0
21:31:19,5-Mar-67,,31.7,33.3,35.7,33.1,,33.3,35.6,36.4,34.8,0,32.7,34.6,35.4,33.8,0
21:43:01,5-Mar-67,29.8,31.3,32.9,35.4,32.9,33.4,32.9,35.3,36.2,34.7,34.8,32.4,34.2,35.2,33.7,33.3
21:53:01,5-Mar-67,29.5,31.4,32.7,35.1,32.6,32.3,32.7,35,35.8,34.5,34.2,32.1,34,34.9,33.5,32.7
22:03:01,5-Mar-67,29.4,31.2,32.3,34.8,32.4,32.2,32.5,34.7,35.6,34.3,34,31.9,33.8,34.7,33.3,32.6
22:13:01,5-Mar-67,29.3,31.1,32.4,34.6,32.2,31.9,32.3,34.4,35.3,34,33.8,31.7,33.6,34.3,33.1,32.5
22:23:01,5-Mar-67,29.3,31,32.1,34.5,32,31.6,32.1,34.3,35.1,33.8,33.6,31.5,33.3,34.1,32.9,32.1
22:33:01,5-Mar-67,29.3,30.8,32,34.2,31.8,31.5,31.9,34,34.9,33.6,33.4,31.4,33.1,34,32.7,31.9
22:43:01,5-Mar-67,29.2,30.8,31.9,34.1,31.7,31.4,31.7,33.8,34.7,33.4,33.1,31.2,32.8,33.7,32.5,31.8
22:53:01,5-Mar-67,28.7,30.4,31.5,33.8,31.5,31,31.5,33.4,34.4,33.1,33,30.9,32.6,33.6,32.2,31.7
23:03:01,5-Mar-67,28.5,30.3,31.4,33.6,31.3,30.9,31.4,33.4,34.2,33,32.7,30.9,32.4,33.4,32.1,31.4
23:13:01,5-Mar-67,28.6,30.1,31.2,33.5,31.1,30.8,31.2,33.2,34,32.7,32.5,30.6,32.3,33.1,31.8,31.2
23:23:01,5-Mar-67,28.4,30,31.1,33.3,31,30.6,31.1,32.9,33.8,32.6,32.3,30.5,32,33,31.7,31
23:33:01,5-Mar-67,28.5,29.8,30.9,33.1,30.8,30.5,30.8,32.7,33.6,32.4,32.2,30.2,31.9,32.8,31.5,30.9
23:43:01,5-Mar-67,28.6,29.8,30.8,32.9,30.7,30.3,30.7,32.4,33.4,32.2,32,30.2,31.6,32.6,31.4,30.8
23:53:01,5-Mar-67,28.4,29.6,30.6,32.8,30.5,30.2,30.5,32.3,33.2,32,31.8,30,31.5,32.5,31.2,30.6
00:03:01,5-Mar-67,28.2,29.4,30.3,32.5,30.3,30,30.3,32,33,31.8,31.5,29.7,31.2,32.3,31.1,30.4
00:13:01,5-Mar-67,28,29.3,30.2,32.4,30.2,29.6,30.3,31.8,32.8,31.6,31.3,29.6,31.1,32.1,30.8,30
00:23:01,5-Mar-67,28,29.2,30,32.2,30,29.6,30.1,31.7,32.7,31.5,31.2,29.6,30.9,32,30.6,30
00:33:01,5-Mar-67,27.8,29.1,30,32.2,29.9,29.4,30,31.5,32.5,31.3,31,29.5,30.9,31.8,30.5,29.9
00:43:01,5-Mar-67,27.5,28.9,29.7,31.9,29.7,29.2,29.8,31.3,32.3,31.1,30.8,29.2,30.5,31.6,30.4,29.6
00:53:01,5-Mar-67,27.4,28.8,29.6,31.8,29.5,29.2,29.7,31.2,32.1,30.9,30.6,29.1,30.5,31.4,30.2,29.7
01:03:01,5-Mar-67,27.5,28.7,29.6,31.6,29.4,29,29.6,31,32,30.8,30.5,29,30.3,31.3,30.1,29.5
01:13:01,5-Mar-67,27.2,28.6,29.3,31.5,29.3,28.7,29.5,30.8,31.8,30.6,30.3,28.9,30.2,31.1,30,29.2
01:23:01,5-Mar-67,27,28.4,29.2,31.3,29.2,28.6,29.2,30.7,31.7,30.5,30.1,28.7,30.1,31,29.8,29.1
01:33:01,5-Mar-67,27,28.1,29,31.1,29.1,28.6,29.1,30.5,31.4,30.4,30,28.6,29.9,30.8,29.7,29
01:43:01,5-Mar-67,26.9,28.1,28.9,31.1,28.8,28.4,29,30.4,31.4,30.2,29.9,28.4,29.8,30.6,29.5,28.9
01:53:01,5-Mar-67,26.8,27.9,28.8,31,28.8,28.3,28.8,30.3,31.2,30.1,29.7,28.3,29.6,30.6,29.4,28.8
02:03:01,5-Mar-67,26.5,27.9,28.7,30.9,28.7,28.2,28.7,30.1,31,29.9,29.6,28.2,29.5,30.4,29.3,28.6
02:13:01,5-Mar-67,26.5,27.7,28.5,30.6,28.5,28.2,28.6,29.9,30.8,29.8,29.4,28,29.3,30.2,29.1,28.5
02:23:01,5-Mar-67,26.2,27.6,28.4,30.5,28.3,27.9,28.4,29.7,30.7,29.6,29.2,27.9,29.2,30,28.9,28.3
02:33:01,5-Mar-67,26.4,27.6,28.3,30.3,28.3,27.8,28.3,29.6,30.6,29.5,29.2,27.8,29,29.9,28.9,28.3
02:43:01,5-Mar-67,26.2,27.4,28.1,30.2,28.1,27.6,28.2,29.5,30.4,29.3,28.9,27.7,28.9,29.7,28.7,28.1
02:53:01,5-Mar-67,26,27.4,28,30.1,28.1,27.5,28.1,29.4,30.3,29.3,28.8,27.6,28.8,29.7,28.7,28
03:03:01,5-Mar-67,26.2,27.3,27.9,30,27.9,27.3,28,29.2,30.1,29.1,28.7,27.4,28.7,29.5,28.4,27.8
03:13:01,5-Mar-67,26.1,27.1,27.8,29.8,27.8,27.2,27.8,29.1,30,28.9,28.5,27.3,28.5,29.4,28.4,27.6
03:23:01,5-Mar-67,25.9,27,27.6,29.6,27.6,27.1,27.7,28.9,29.9,28.8,28.3,27.2,28.4,29.3,28.2,27.5
03:33:01,5-Mar-67,25.7,26.8,27.4,29.4,27.5,26.9,27.6,28.7,29.7,28.7,28.2,27.1,28.2,29.2,28.1,27.4
03:43:01,5-Mar-67,25.4,26.6,27.3,29.3,27.4,26.8,27.4,28.7,29.6,28.6,28.1,26.9,28.1,29,28,27.2
03:53:01,5-Mar-67,25.2,26.5,27,29.1,27.3,26.7,27.3,28.4,29.3,28.5,28,26.8,27.9,28.9,27.9,27.1
04:03:01,5-Mar-67,25.2,26.2,26.8,29,27.1,26.6,27.1,28.4,29.3,28.3,27.9,26.6,27.7,28.6,27.7,27
04:13:01,5-Mar-67,25.1,26.4,27,28.9,27,26.4,27.1,28.3,29.1,28.2,27.7,26.5,27.6,28.5,27.6,26.9
04:23:01,5-Mar-67,24.9,26.2,26.8,28.8,26.9,26.3,26.9,28.2,29,28.1,27.6,26.4,27.6,28.4,27.5,26.7
04:33:01,5-Mar-67,24.7,26,26.7,28.6,26.7,26.2,26.8,28,28.8,27.9,27.5,26.3,27.4,28.2,27.3,26.7
04:43:01,5-Mar-67,25,25.8,26.5,28.4,26.6,26.1,26.7,27.8,28.6,27.8,27.3,26.2,27.2,28.1,27.2,26.5
04:53:01,5-Mar-67,24.5,25.7,26.3,28.4,26.5,25.8,26.5,27.8,28.5,27.7,27.2,25.9,27.1,28,27,26.3
05:03:01,5-Mar-67,24.1,25.5,26.2,28.1,26.4,25.7,26.4,27.5,28.3,27.6,27,25.9,26.9,27.9,26.9,26.2
05:13:01,5-Mar-67,24,25.3,26,28,26.1,25.5,26.2,27.5,28.3,27.4,26.9,25.7,26.8,27.6,26.7,26.1
05:23:01,5-Mar-67,23.6,25.2,25.9,27.8,26,25.5,26.1,27.3,28.1,27.3,26.7,25.6,26.7,27.6,26.6,25.9
05:33:01,5-Mar-67,23.5,25.1,25.7,27.7,25.8,25.2,26,27.1,27.9,27.1,26.6,25.4,26.5,27.3,26.4,25.7
05:43:01,5-Mar-67,23.5,24.9,25.5,27.6,25.7,25.2,25.8,27,27.8,27,26.6,25.2,26.4,27.3,26.3,25.6
05:53:01,5-Mar-67,23.2,24.8,25.4,27.4,25.5,25,25.7,26.9,27.7,26.8,26.4,25.2,26.3,27.1,26.1,25.5
06:03:01,5-Mar-67,22.7,24.6,25.3,27.2,25.4,24.7,25.5,26.7,27.5,26.7,26.1,24.9,26.1,27,26.1,25.2
06:13:01,5-Mar-67,22.7,24.3,25.1,27.1,25.2,24.7,25.3,26.5,27.3,26.5,26,24.8,26,26.8,25.9,25.1
06:23:01,5-Mar-67,22.7,24.3,25,27,25.2,24.6,25.2,26.5,27.3,26.4,25.8,24.6,25.9,26.7,25.7,25
06:33:01,5-Mar-67,22.6,24.3,25,26.9,25.1,24.3,25.1,26.3,27.1,26.3,25.7,24.5,25.7,26.5,25.7,24.9
06:43:01,5-Mar-67,22.8,24.2,24.8,26.8,24.9,24.3,24.9,26,26.8,26.1,25.6,24.4,25.6,26.3,25.5,24.8
06:53:01,5-Mar-67,23.2,24.5,24.9,26.8,25,24.2,24.9,25.9,26.8,26.1,25.6,24.5,25.5,26.3,25.4,24.7
07:03:01,6-Mar-67,23,24.2,24.6,26.8,24.9,24,24.8,25.8,26.7,25.9,25.4,24.3,25.4,26.1,25.3,24.6
07:13:01,6-Mar-67,23,24.8,25.2,26.9,24.9,24,24.8,25.7,26.7,25.8,25.2,24.4,25.4,26.1,25.2,24.5
07:23:01,6-Mar-67,24.5,26.3,25.3,27,25.2,24.8,24.8,25.7,26.6,25.7,25.2,24.5,25.3,26.1,25.2,24.6
07:33:01,6-Mar-67,24.3,29,27.1,27.1,25.5,25.8,25.3,25.7,26.6,25.7,25.1,24.9,25.5,26.1,25.4,24.8
07:43:01,6-Mar-67,25.8,31.1,28.9,28.7,26,25.3,26.1,25.7,26.6,25.7,25.3,25.7,25.8,26.3,25.5,25.2
07:53:01,6-Mar-67,26.1,33.1,30.3,30.3,26.9,26.5,27.2,25.9,26.8,25.8,25.4,26.5,26.4,26.7,26,25.4
08:03:01,6-Mar-67,26.5,35,31.9,31.3,29.5,28.5,28.4,26.1,27,25.9,25.8,27.5,26.8,27,26.3,25.8
08:13:01,6-Mar-67,27,36.9,33.3,32.5,31.2,30,29.7,26.7,27.4,26.2,26.1,28.8,27.4,27.5,26.7,26.4
08:23:01,6-Mar-67,27.6,37.9,34.3,32.9,32.9,31.5,31,27.3,27.9,26.6,26.6,29.8,28.1,28,27.2,27
08:33:01,6-Mar-67,28.3,39.6,35.5,33.6,34.1,33.3,32.2,28,28.5,27.1,27.1,30.7,28.8,28.6,27.9,27.7
08:43:01,6-Mar-67,29.4,40.5,36.5,34.4,35.4,35,33.5,28.7,29,27.8,27.8,31.8,29.5,29.2,28.6,28.5
08:53:01,6-Mar-67,29.8,42.1,37.8,35.6,36.6,35.5,34.8,29.4,29.7,28.6,28.3,32.9,30.3,29.9,29.3,29.2
09:03:01,6-Mar-67,30.6,43.2,38.6,36.5,37.7,36.7,36,30.2,30.3,29.3,28.8,34.2,31,30.5,30.1,30
09:13:01,6-Mar-67,31.2,45,40,37.4,38.7,39.1,37.4,31.1,31,30,29.5,35.6,31.9,31.2,30.8,30.8
09:23:01,6-Mar-67,31.7,44.6,40.6,38.1,39.9,39,38.5,32.1,31.8,30.8,30.2,36.5,32.9,31.9,31.4,31.4
09:33:01,6-Mar-67,32.1,46,41.5,38.6,40.6,41,39.7,33,32.4,31.6,30.8,37.5,33.7,32.6,32.3,32.2
09:43:01,6-Mar-67,32.7,46.8,42.1,39.6,41.4,41.6,40.7,33.6,33.3,32.5,31.7,37.5,33.9,33.4,33.1,32.8
09:53:01,6-Mar-67,33.1,48.2,43,40.8,42,42.5,41.7,34.6,33.9,33.3,32.1,39.4,35.1,34,33.9,33.7
10:03:01,6-Mar-67,34.3,48.8,44.1,40.9,43.3,41.8,42.7,35.4,34.7,34.1,32.8,40.4,36,34.7,34.6,34.4
10:13:01,6-Mar-67,34.4,49.6,44.9,41.6,43.8,42.2,43.7,36.2,35.4,35,33.3,40.7,36.5,35.5,35.4,35.3
10:23:01,6-Mar-67,34.5,50.5,45.4,42.6,44.5,41.9,44.6,37.1,36.1,35.7,33.9,41.6,37.2,36.2,36.1,36
10:33:01,6-Mar-67,36.6,51.5,46.5,43.5,45.1,44.3,45.4,38.1,36.8,36.5,34.6,42.7,38.3,36.8,36.7,36.6
10:43:01,6-Mar-67,37.1,50.8,46.4,43.2,46.3,42.8,46.2,39,37.6,37.3,35.2,43.4,39.1,37.4,37.6,37.1
10:53:01,6-Mar-67,35.9,51.5,47,43.4,46.5,43.1,46.8,39.5,38.3,38,36.2,43.8,39.4,38,38.2,37.6
11:03:01,6-Mar-67,35.8,51.4,47.3,43.7,46.8,43.6,47.3,40,38.9,38.7,36.9,43.3,39.1,38.7,38.7,38
11:13:01,6-Mar-67,35.9,51.8,47.9,44.1,46.9,44.6,47.7,40.7,39.6,39.4,37.7,44.8,40.4,39.2,39.2,38.6
11:23:01,6-Mar-67,38.1,52.1,48.3,45.1,47.5,44.7,48.5,41.6,40.3,40,38.4,45.8,41.4,39.8,39.8,39.1
11:33:01,6-Mar-67,37.3,52.5,48.5,45.3,47.8,45.5,49,42.1,40.9,40.6,39.1,46.2,41.8,40.4,40.5,39.5
11:43:01,6-Mar-67,38.1,53.1,49.2,45.3,48.1,46.5,49.5,42.7,41.4,41.2,39.8,46.9,42.6,40.8,41,39.9
11:53:01,6-Mar-67,38,53.7,50,45.8,48.6,48.3,50,43.1,41.8,41.7,40.5,47.3,42.9,41.3,41.7,40.4
12:03:01,6-Mar-67,38.4,53,49.7,46.3,49.2,49.5,50.4,43.9,42.6,42.2,41.2,47.7,43.6,41.9,42,40.9
12:13:01,6-Mar-67,40.3,52.8,49.4,46.4,49,48.5,50.6,44.4,43,42.7,41.6,47.4,44.1,42.2,42.5,41.6
12:23:01,6-Mar-67,37.8,52.4,49.5,46.3,48.7,49.1,50.9,44.9,43.3,43.3,42.3,47.9,44.3,43,43,42.2
12:33:01,6-Mar-67,39.7,53.4,50,47.2,49.1,48.7,51.2,45.2,43.9,43.7,42.7,48,44.7,43,43.2,42.5
12:43:01,6-Mar-67,39.7,52.8,49.3,47.1,49.5,48.5,51.1,45.6,44.3,44.1,43.1,46.6,44.1,43.7,43.7,42.8
12:53:01,6-Mar-67,38.8,52.8,49.7,47.3,48.9,47.9,51.2,45.9,44.8,44.5,43.2,47.8,45.1,44,43.9,42.9
13:03:01,6-Mar-67,39,52.5,49.8,46.9,49.4,47.5,51.3,46.4,45,44.8,43.7,48.4,45.9,44.3,44,43.4
13:13:01,6-Mar-67,39.5,51.6,48.5,46.8,49.4,46.6,51.4,46.8,45.4,45,44,47.9,46,44.7,44.6,43.6
13:23:01,6-Mar-67,39.3,51.8,48.8,47.3,48.7,47.1,51.4,47,45.8,45.2,44.2,48.3,46.3,44.8,44.5,43.3
13:33:01,6-Mar-67,39.6,52.2,49.2,47.1,48.9,47,51.3,47.1,46,45.4,44.5,48.3,46.5,45.2,44.8,43.8
13:43:01,6-Mar-67,38.6,51.3,48.7,47.7,49,49.4,51.2,47.3,46.3,45.5,44.7,48.3,46.7,45.4,45,43.1
13:53:01,6-Mar-67,40.7,51.1,48.6,47.5,48.3,46.8,51,47.4,46.5,45.4,44.8,48.4,46.7,45.5,44.6,44.2
14:03:01,6-Mar-67,38.5,50.5,48.3,47.5,48.6,45.8,50.9,47.6,46.6,45.4,44.9,48.4,47,45.8,44.7,44.4
14:13:01,6-Mar-67,39.9,49.7,47.7,47.5,48.2,46.6,50.7,47.7,46.8,45.5,45,48,46.9,45.8,44.8,44.7
14:23:01,6-Mar-67,39.9,49.3,47.2,47.8,47.5,45.9,50.4,47.5,46.9,45.6,45,47.7,46.8,45.8,44.8,44.6
14:33:01,6-Mar-67,41.1,48.4,47.5,47.7,47.1,45.8,50,47.7,47.1,45.7,45,48,46.9,45.9,44.9,45.3
14:43:01,6-Mar-67,41.8,47.9,47.7,47.6,46.9,47.1,49.6,47.7,46.9,45.8,45.3,47.8,47,45.6,45,45.4
14:53:01,6-Mar-67,42.9,47.3,47.5,47.2,46.4,48.4,49.3,47.6,46.9,45.9,45.8,48,47.1,45.7,45.2,45.6
15:03:01,6-Mar-67,40.3,46.8,46.6,46.5,46,47.9,48.9,47.7,46.6,46,46.1,46.9,46.7,45.6,45.5,45.2
15:13:01,6-Mar-67,41,46.4,46.2,46.2,46.1,49,48.5,47.8,46.3,46,46.3,46.9,47,45.6,45.3,44.7
15:23:01,6-Mar-67,40.4,46.1,46.1,46.3,45.3,49.1,48.2,47.7,46.2,46,46.4,46.6,46.8,45.4,45.3,44.8
15:33:01,6-Mar-67,39.9,45.8,46,46.1,45,48,47.8,47.7,46,45.9,46.3,46.7,46.7,45.1,45.1,44.6
15:43:01,6-Mar-67,40.9,45.7,45.8,46,44.5,48.5,47.5,47.5,45.9,45.8,46.2,46.4,46.6,44.9,45,43.8
15:53:01,6-Mar-67,38.6,45.3,45.4,45.6,44.5,48.4,47.3,47.3,45.6,45.7,46,45.8,45.9,45,45.1,43.5
16:03:01,6-Mar-67,39.2,45.1,44.8,45.6,44,47.3,46.9,47.1,45.7,45.4,45.5,45.3,45.7,44.7,44.6,43.4
16:13:01,6-Mar-67,39.5,44.6,44.6,45.4,43.9,47.1,46.4,46.8,45.5,45.3,45.3,44.8,45.2,44.6,44.2,43
16:23:01,6-Mar-67,38.3,44.3,44.5,45.1,43.5,46.6,46,46.4,45.1,45.1,44.9,44.6,45.1,44.1,44,42.7
16:33:01,6-Mar-67,38.1,44,44.3,45.2,43.1,45.1,45.6,46.5,45,44.9,44.5,44.5,45.1,43.8,43.9,42.4
16:43:01,6-Mar-67,37.8,43.1,44.2,44.9,43.1,44.3,45.1,46.1,44.7,44.7,44,44.4,45,43.7,43.7,41.7
16:53:01,6-Mar-67,38.7,42.6,43.7,44.5,42.8,43.6,44.8,45.9,44.5,44.3,43.7,44.2,44.5,43.6,43.3,41.8
17:03:01,6-Mar-67,38.4,42.6,43.3,44.1,42.5,43,44.7,45.7,44.3,44.1,43.4,43.8,44.1,43.5,42.9,41.3
17:13:01,6-Mar-67,37.4,42,42.8,44.1,42,42.2,44.1,45.3,44.2,43.8,43,43.2,43.9,43.2,42.5,41.1
17:23:01,6-Mar-67,37,41.5,42.4,43.4,41.7,41.7,43.7,44.8,43.9,43.5,42.8,42.6,43.2,43,42.3,41
17:33:01,6-Mar-67,36.7,40.8,42,43.2,41.2,41.1,43.1,44.6,43.8,43.2,42.4,42.1,43,42.6,41.8,40.5
17:43:01,6-Mar-67,35.8,40.2,41.5,42.8,40.7,40.7,42.6,44.1,43.5,42.8,42.2,41.5,42.6,42.2,41.5,40.5
17:53:01,6-Mar-67,35.4,39.5,41,42.5,40.4,40.2,42,43.7,43.2,42.6,41.9,41,42.2,42,41.2,40.1
18:03:01,6-Mar-67,34.9,38.9,40.5,42.1,39.9,39.9,41.4,43.4,43,42.2,41.7,40.5,41.9,41.7,40.8,39.9
18:13:01,6-Mar-67,34.2,38.5,40.2,41.8,39.5,39.7,40.9,43,42.7,41.9,41.4,39.9,41.5,41.4,40.4,39.6
18:23:01,6-Mar-67,33.9,37.9,39.8,41.5,39.1,39.3,40.4,42.5,42.3,41.5,41.1,39.4,41,40.9,40,39.2
18:33:01,6-Mar-67,33.5,37.6,39.3,41.1,38.7,38.8,39.9,42.2,42,41.2,40.7,38.9,40.6,40.6,39.6,38.9
18:43:01,6-Mar-67,33.1,37.2,39,40.8,38.2,38.5,39.5,41.8,41.8,40.8,40.4,38.5,40.2,40.3,39.3,38.5
18:53:01,6-Mar-67,32.4,36.8,38.5,40.3,37.8,38.1,39,41.3,41.5,40.4,40.2,38,39.8,40,38.9,38.3
19:03:01,6-Mar-67,32.4,36.3,38.1,40.2,37.5,37.7,38.6,41,41.1,40.1,39.8,37.5,39.5,39.7,38.6,37.9
19:13:01,6-Mar-67,32.1,35.9,37.6,39.9,37.2,37.5,38.1,40.7,41,39.8,39.6,37.1,39.1,39.5,38.3,37.7
19:23:01,6-Mar-67,31.8,35.5,37.3,39.6,36.9,37.1,37.7,40.2,40.5,39.4,39.2,36.7,38.7,39.2,37.9,37.3
19:33:01,6-Mar-67,31.6,35.1,37,39.3,36.5,36.5,37.2,39.9,40.4,39.1,38.8,36.3,38.5,38.9,37.6,37
19:43:01,6-Mar-67,30.9,34.7,36.7,39,36.2,36.1,36.8,39.5,39.9,38.7,38.5,35.9,38.1,38.5,37.2,36.6
19:53:01,6-Mar-67,31.4,34.4,36.3,38.6,35.9,35.8,36.5,39.2,39.7,38.3,38.2,35.5,37.7,38.2,36.9,36.1
20:03:01,6-Mar-67,31.3,34.1,35.9,38.4,35.5,35.3,36,38.8,39.4,38,37.8,35.2,37.4,38,36.6,35.9
20:13:01,6-Mar-67,30.4,33.8,35.8,38,35.2,35.3,35.7,38.4,39,37.6,37.6,34.8,36.9,37.6,36.2,35.7
20:23:01,6-Mar-67,30.4,33.5,35.5,37.8,34.9,35,35.3,38.1,38.8,37.2,37.2,34.5,36.7,37.3,35.8,35.5
20:33:01,6-Mar-67,30.3,33.2,35.2,37.6,34.7,34.8,35,37.6,38.4,37,37,34.2,36.4,37.1,35.6,35.2
20:43:01,6-Mar-67,31,33.1,34.8,37.2,34.4,34.4,34.7,37.4,38.3,36.6,36.7,33.9,36.2,36.9,35.3,34.9
20:53:01,6-Mar-67,30.6,32.8,34.4,37,34,34,34.4,37.1,38,36.2,36.2,33.7,35.9,36.6,34.9,34.2
21:03:01,6-Mar-67,30.8,32.7,34.4,36.9,33.8,33.8,34.1,36.7,37.7,36,36,33.4,35.6,36.4,34.6,34.1
21:13:01,6-Mar-67,30.9,32.6,34.3,36.7,33.7,33.4,33.9,36.5,37.4,35.7,35.6,33.2,35.3,36.2,34.5,33.8
21:23:01,6-Mar-67,31,32.3,33.9,36.4,33.5,33.1,33.7,36.1,37.2,35.4,35.3,33,35.1,36,34.2,33.5
21:33:01,6-Mar-67,29.8,32.1,33.6,36,33.3,32.9,33.4,35.8,36.9,35.1,35.1,32.8,34.8,35.7,33.9,33.6
21:43:01,6-Mar-67,30.6,31.9,33.5,35.8,33.1,32.9,33.1,35.5,36.6,34.9,34.9,32.6,34.6,35.4,33.8,33.5
21:53:01,6-Mar-67,30,31.8,33.3,35.6,32.9,32.8,33,35.4,36.4,34.7,34.7,32.4,34.4,35.3,33.7,33.4
22:03:01,6-Mar-67,30.5,31.5,32.9,35.4,32.7,32.5,32.7,35.2,36.2,34.5,34.4,32.2,34.2,35,33.4,33
22:13:01,6-Mar-67,30,31.5,32.9,35.2,32.5,32.2,32.6,34.9,36,34.2,34.2,32.1,33.9,34.9,33.3,32.7
22:23:01,6-Mar-67,30,31.3,32.7,35.1,32.2,32.1,32.4,34.7,35.7,33.9,34,31.9,33.7,34.6,33,32.7
22:33:01,6-Mar-67,29.8,31.1,32.4,34.7,32.1,32.1,32.2,34.3,35.4,33.7,33.8,31.6,33.5,34.4,32.8,32.6
22:43:01,6-Mar-67,29.2,30.9,32.2,34.6,31.9,31.8,32,34.1,35.2,33.5,33.6,31.5,33.3,34.2,32.6,32.3
22:53:01,6-Mar-67,28.9,30.8,32.1,34.4,31.8,31.6,31.9,33.8,35,33.4,33.4,31.3,33,34,32.5,32.2
23:03:01,6-Mar-67,29.2,30.6,31.9,34.4,31.6,31.4,31.7,33.6,34.8,33.1,33.2,31.1,32.9,33.8,32.2,32
23:13:01,6-Mar-67,28.8,30.4,31.7,34.1,31.5,31.4,31.4,33.4,34.5,32.9,33,30.9,32.7,33.7,32.1,31.8
23:23:01,6-Mar-67,28.6,30.2,31.4,33.9,31.3,31.2,31.2,33.2,34.4,32.7,32.7,30.7,32.5,33.4,31.8,31.5
23:33:01,6-Mar-67,28,30.2,31.4,33.8,31.2,31,31.1,33.1,34.2,32.6,32.5,30.6,32.4,33.3,31.7,31.3
23:43:01,6-Mar-67,27.8,29.9,31.2,33.5,30.9,30.9,30.9,32.9,34,32.3,32.4,30.4,32.2,33,31.5,31.2
23:53:01,6-Mar-67,27.8,29.8,31,33.3,30.8,30.6,30.7,32.6,33.7,32.2,32.1,30.2,32,32.9,31.4,31
00:03:01,6-Mar-67,27.9,29.7,31,33.1,30.6,30.5,30.6,32.6,33.6,32,32,30.1,31.8,32.8,31.3,30.9
00:13:01,6-Mar-67,28.2,29.5,30.8,33,30.4,30.3,30.4,32.3,33.3,31.8,31.8,29.9,31.6,32.5,31.1,30.7
00:23:01,6-Mar-67,28,29.5,30.6,33,30.3,30.1,30.3,32.3,33.3,31.7,31.7,29.9,31.5,32.4,30.9,30.6
00:33:01,6-Mar-67,28.2,29.4,30.6,32.8,30.2,30,30.2,32,33.1,31.5,31.5,29.7,31.3,32.3,30.8,30.4
00:43:01,6-Mar-67,28.6,29.4,30.5,32.6,30.1,29.9,30.1,31.8,32.9,31.3,31.4,29.7,31.2,32.1,30.6,30.4
00:53:01,6-Mar-67,28.4,29.3,30.3,32.5,30.1,29.7,29.9,31.6,32.7,31.2,31.2,29.5,30.8,32,30.6,30.2
01:03:01,6-Mar-67,28.5,29.2,30.2,32.2,30,29.5,29.8,31.4,32.5,31,31,29.5,30.8,31.7,30.3,30
01:13:01,6-Mar-67,28.1,29,29.9,32.1,29.8,29.4,29.7,31.3,32.3,30.9,30.8,29.3,30.7,31.7,30.3,29.9
01:23:01,6-Mar-67,27.8,29,29.9,32,29.7,29.4,29.7,31.1,32.2,30.9,30.8,29.3,30.6,31.6,30.3,29.9
01:33:01,6-Mar-67,27.8,28.9,29.8,31.9,29.6,29.2,29.5,31,32.1,30.7,30.5,29.1,30.5,31.4,30.1,29.6
01:43:01,6-Mar-67,27.6,28.5,29.1,31.8,29.4,29.2,29.4,30.9,31.9,30.5,30.4,28.9,30.3,31.3,30,29.6
01:53:01,6-Mar-67,27.3,28.6,29.5,31.7,29.3,28.9,29.3,30.8,31.8,30.4,30.3,28.9,30.2,31.1,29.9,29.4
02:03:01,6-Mar-67,27.3,28.5,29.3,31.6,29.2,28.8,29.2,30.6,31.7,30.3,30.1,28.7,30.1,31,29.7,29.3
02:13:01,6-Mar-67,27.1,28.3,29.2,31.5,29,28.8,29.1,30.4,31.5,30.1,30,28.6,30,30.8,29.6,29.1
02:23:01,6-Mar-67,27.1,28.2,29.1,31.2,28.9,28.6,29,30.3,31.3,30,29.9,28.5,29.8,30.7,29.5,29.1
02:33:01,6-Mar-67,26.8,28.2,29,31,28.8,28.4,28.8,30.2,31.1,29.9,29.7,28.3,29.6,30.5,29.3,28.9
02:43:01,6-Mar-67,26.8,28.1,28.9,30.9,28.7,28.3,28.7,30.1,31,29.8,29.6,28.3,29.5,30.4,29.2,28.8
02:53:01,6-Mar-67,26.9,28,28.8,30.9,28.6,28.2,28.6,30,30.9,29.7,29.5,28.2,29.4,30.3,29,28.7
03:03:01,6-Mar-67,26.8,27.9,28.6,30.7,28.5,28,28.5,29.8,30.8,29.5,29.3,28.1,29.3,30.2,28.9,28.6
03:13:01,6-Mar-67,26.7,27.7,28.4,30.6,28.4,27.9,28.4,29.6,30.6,29.4,29.2,28,29.2,30,28.8,28.4
03:23:01,6-Mar-67,26.3,27.6,28.4,30.4,28.3,27.8,28.3,29.5,30.5,29.3,29,27.9,29.1,29.9,28.7,28.3
03:33:01,6-Mar-67,26.1,27.5,28.2,30.3,28.1,27.7,28.2,29.4,30.3,29.1,28.9,27.8,28.9,29.8,28.6,28.1
03:43:01,6-Mar-67,25.9,27.4,28.1,30.1,28,27.6,28.1,29.3,30.2,29,28.8,27.7,28.8,29.7,28.5,28
03:53:01,6-Mar-67,25.9,27.2,27.9,30,27.9,27.4,28,29.2,30.1,28.9,28.6,27.6,28.7,29.5,28.4,27.8
04:03:01,6-Mar-67,25.8,27.1,27.8,29.8,27.8,27.3,27.9,29,29.9,28.8,28.5,27.4,28.5,29.4,28.3,27.7
04:13:01,6-Mar-67,25.8,27.1,27.8,29.7,27.7,27.2,27.8,28.9,29.8,28.7,28.4,27.4,28.4,29.3,28.2,27.6
04:23:01,6-Mar-67,26.1,27.1,27.8,29.7,27.6,27,27.7,28.6,29.6,28.6,28.3,27.4,28.3,29.2,28.1,27.5
04:33:01,6-Mar-67,26.3,27,27.6,29.6,27.6,27,27.6,28.7,29.6,28.5,28.1,27.2,28.3,29.1,28,27.5
04:43:01,6-Mar-67,25.7,26.8,27.4,29.4,27.5,26.8,27.4,28.5,29.4,28.5,28,27.1,28.1,29,28,27.3
04:53:01,6-Mar-67,25.2,26.7,27.3,29.2,27.4,26.6,27.4,28.4,29.3,28.3,27.9,27,27.9,28.9,27.9,27.1
05:03:01,6-Mar-67,24.9,26.6,27.2,29.1,27.3,26.5,27.3,28.3,29.2,28.2,27.8,26.9,27.9,28.7,27.7,27
05:13:01,6-Mar-67,25,26.4,27,28.9,27.2,26.6,27.2,28.1,29,28.2,27.7,26.7,27.7,28.6,27.6,26.9
05:23:01,6-Mar-67,25,26.4,26.9,28.9,27,26.4,27,28,28.9,28,27.5,26.7,27.6,28.4,27.4,26.7
05:33:01,6-Mar-67,25,26.2,26.8,28.8,26.9,26.3,26.9,27.9,28.7,27.9,27.4,26.5,27.5,28.3,27.4,26.7
05:43:01,6-Mar-67,24.3,26,26.6,28.7,26.8,26.3,26.9,27.9,28.7,27.8,27.3,26.5,27.5,28.2,27.3,26.5
05:53:01,6-Mar-67,24.5,26,26.7,28.5,26.7,26,26.8,27.7,28.5,27.7,27.2,26.4,27.2,28.1,27.2,26.3
06:03:01,6-Mar-67,24.6,25.9,26.5,28.4,26.6,25.9,26.6,27.6,28.4,27.6,27.1,26.2,27.1,28,27.1,26.4
06:13:01,6-Mar-67,24.7,26,26.5,28.4,26.4,25.7,26.6,27.6,28.4,27.4,26.9,26.2,27.1,27.8,26.9,26.2
06:23:01,6-Mar-67,24.7,25.8,26.4,28.2,26.4,25.7,26.5,27.4,28.2,27.3,26.8,26.1,27,27.8,26.9,26.2
06:33:01,6-Mar-67,24.4,25.7,26.2,28.2,26.3,25.7,26.3,27.3,28.1,27.2,26.7,26,26.9,27.6,26.7,26
06:43:01,6-Mar-67,24.5,26,26.5,28.2,26.3,25.5,26.3,27.1,28,27.2,26.6,26,26.8,27.6,26.7,25.9
06:53:01,6-Mar-67,25,26.2,26.5,28.3,26.4,25.6,26.3,27.2,28,27.1,26.5,26,26.9,27.6,26.7,25.8
07:03:01,7-Mar-67,24.9,26.2,26.6,28.3,26.5,25.6,26.2,27,27.8,27,26.4,26,26.8,27.5,26.6,25.8
07:13:01,7-Mar-67,25.6,26.7,26.9,28.4,26.7,25.7,26.3,27,27.8,26.9,26.4,26,26.9,27.5,26.5,25.9
07:23:01,7-Mar-67,26.2,28.5,27.2,28.6,26.9,26.3,26.5,27,27.7,26.9,26.4,26.2,26.8,27.5,26.6,26
07:33:01,7-Mar-67,27.1,30.9,28.8,28.8,27.2,27.3,27,27,27.9,26.9,26.4,26.8,27.2,27.6,26.8,26.3
07:43:01,7-Mar-67,28.4,33,30.4,30.4,27.6,27.3,27.9,27.1,27.9,27,26.6,27.5,27.6,27.9,27,26.8
07:48:44,7-Mar-67,28.4,33.3,30.9,30.6,29.3,28.9,28.4,27.3,28.1,27.2,26.7,28.1,28,28.3,27.5,26.9
07:58:44,7-Mar-67,29.2,35.5,32.5,31.9,31.3,29.4,29.5,27.3,28.1,27.3,26.9,29.1,28.4,28.7,27.9,27.5
08:08:44,7-Mar-67,29.7,36.9,33.7,32.9,32.7,29.9,30.7,27.8,28.5,27.6,27,30.2,28.8,29.1,28.4,28
08:18:44,7-Mar-67,30.1,38.8,35.1,33.9,34.1,31.4,32,28.3,29,28,27.3,31.3,29.5,29.5,28.8,28.7
08:28:44,7-Mar-67,32.2,39.7,36.1,34.5,35.6,32.7,33.3,29.1,29.6,28.5,27.9,32.5,30.3,30.2,29.4,29.3
08:38:44,7-Mar-67,31.3,41.4,37.3,35.5,36.3,33.6,34.5,29.6,30.1,29.2,28.4,33.6,30.9,30.7,30.1,30.1
08:48:44,7-Mar-67,30.9,42.2,38.2,36.2,37.5,35,35.7,30.3,30.8,29.9,29,34.6,31.6,31.4,30.9,30.7
08:58:44,7-Mar-67,33.7,43.7,39.4,37.3,38.9,36.3,36.9,31.1,31.5,30.6,29.6,35.5,32.4,32.1,31.4,31.3
09:08:44,7-Mar-67,32.5,44.7,40.3,38,39.6,36.1,38.2,31.9,32.1,31.3,30.2,36.7,33.2,32.6,32.2,32.1
09:18:44,7-Mar-67,34.5,45.7,41.1,38.4,40.9,39.8,39.3,32.7,32.9,32.2,31,37.6,33.8,33.6,33.1,32.9
09:28:44,7-Mar-67,34.9,47,42.3,39.4,42,38.9,40.5,33.5,33.6,33,31.5,38.9,34.7,34,33.7,33.6
09:38:44,7-Mar-67,35.4,47.7,43.2,40.1,42.5,40.7,41.6,34.4,34.3,33.8,32.1,39.8,35.4,34.8,34.5,34.4
09:48:44,7-Mar-67,36.3,49.2,44.3,41.2,43.7,41.7,42.8,35.3,35,34.6,33,41.1,36.3,35.4,35.3,35
09:58:44,7-Mar-67,35.1,49.2,44.9,42.2,44.2,42.5,43.7,36.1,35.7,35.4,33.6,41.7,37,36.2,36,35.8
10:08:44,7-Mar-67,35.6,50.3,45.8,42.4,45.1,43.9,44.6,37,36.5,36.2,34.4,42.5,37.7,36.8,36.7,36.3
10:18:44,7-Mar-67,36.4,51.1,46.3,43.4,45.9,44.1,45.4,37.8,37.3,37,35,43.2,38.4,37.5,37.4,37
10:28:44,7-Mar-67,36.5,52.3,47.4,44.3,46.6,42.7,46.2,38.5,38,37.8,35.5,43.9,39,38.2,38.1,37.8
10:38:44,7-Mar-67,37.8,52.5,47.6,45,47.2,43.2,46.9,39.5,38.8,38.5,36.1,44.4,39.7,38.8,38.8,38.3
10:48:44,7-Mar-67,36.8,52.5,48.2,45.6,47.8,44.7,47.6,40.2,39.4,39.2,37,45,40.5,39.4,39.4,38.7
10:58:44,7-Mar-67,36.8,53.3,48.7,45.4,48,44.3,48.5,41.1,40,40,37.8,46,41.3,40.1,40,39
11:08:44,7-Mar-67,37.7,54,49.3,46.3,48.7,44.2,49.3,41.7,40.6,40.7,38.4,46.8,42,40.8,40.7,39.9
11:18:44,7-Mar-67,38.9,54.4,50.1,47,49,45,49.9,42.7,41.3,41.3,39.1,47.5,42.9,41.3,41.3,40.6
11:28:44,7-Mar-67,39.1,54.8,50.5,47.9,49.8,47.3,50.4,43.1,41.8,41.9,40.2,48.1,43.4,41.9,42,41.1
11:38:44,7-Mar-67,36.8,54.3,50.4,47.7,49.5,47,50.8,43.8,42.6,42.5,41.1,48,43.7,42.3,42.4,41.4
11:48:44,7-Mar-67,37.1,54.3,50.8,48.2,49.4,47.3,51.1,44.6,43.1,43.1,41.7,48.5,44.5,42.8,42.8,41.8
11:58:44,7-Mar-67,37.6,53.1,50.5,47.5,50.1,48.9,51.5,45.2,43.5,43.6,42.3,49.2,45,43.2,43.4,42.2
12:08:44,7-Mar-67,37.7,53.7,50.6,48.4,50.1,49.7,51.7,45.5,44.2,44.2,42.9,48.8,44.9,43.7,43.8,42.6
12:18:44,7-Mar-67,38.3,53.4,50.8,48.1,50.2,49.4,52,45.9,44.6,44.6,43.4,49.3,45.4,44.1,44.3,43.1
12:28:44,7-Mar-67,39.1,53,50.4,48,50,50.3,51.9,46.6,45,45,43.8,49.6,45.9,44.2,44.4,42.9
12:38:44,7-Mar-67,38,51.5,49.5,47.6,48.2,47.4,51.8,46.9,45.3,45.2,44.1,49.1,45.9,44.6,44.4,43
12:48:44,7-Mar-67,37.5,50.2,48.2,46.8,48.8,47.4,51.7,47,45.5,45.4,44.2,48.7,45.9,44.5,44.1,42.8
12:58:44,7-Mar-67,41.1,51.6,49.4,47.4,48.8,46.5,51.3,47.3,45.7,45.6,44.5,48.8,46.5,44.7,44.7,43.6
13:08:44,7-Mar-67,40.3,50.8,48,47.8,48.9,47.5,51.4,47.3,46.2,45.7,44.5,47.8,45.9,45.1,44.3,43
13:18:44,7-Mar-67,37.9,50.9,49,48,47,46.3,50.9,47.3,46.2,45.7,44.6,47.5,46,44.8,44.3,43.2
13:28:44,7-Mar-67,38.8,50.1,47.9,47.6,47.2,46,50.6,47.3,46.3,45.6,44.8,47.8,46.4,45,44.3,43.4
13:38:44,7-Mar-67,41,50.7,48.7,47.6,48.3,46.1,50.4,47.4,46.4,45.7,44.8,47.9,46.8,45.5,44.9,44.2
13:48:44,7-Mar-67,40,51.5,48.9,49.3,48.4,46.4,50.5,47.5,46.9,45.5,44.9,47.5,46.6,45.9,44.7,44.3
13:58:44,7-Mar-67,40.3,49.9,47.7,48.5,47.8,45.9,50.4,47.6,46.9,45.5,45.1,47.2,46.4,46,44.8,44.6
14:08:44,7-Mar-67,39.1,48.7,46.9,47.4,46.8,46.4,50,47.4,46.8,45.6,45,47.3,46.5,45.4,44.2,43.5
14:18:44,7-Mar-67,40.3,48.8,47.4,48.4,46.7,44.7,49.4,47.6,47.1,45.7,44.9,45.9,46.4,45.6,44.8,43.9
14:28:44,7-Mar-67,38.8,49,47.4,48.4,46.4,45.5,49.4,47.4,47.1,45.6,44.8,47,46.8,45.7,44.2,43.7
14:38:44,7-Mar-67,39.7,47.4,46.6,47.3,46.3,44.4,49,47.7,47,45.8,44.8,46.6,46.5,45.9,45.1,44.4
14:48:44,7-Mar-67,37.6,46,46.6,46.8,45.3,44.7,48.3,47.4,46.8,45.6,44.9,46.6,46.1,45.3,44.5,43.5
14:58:44,7-Mar-67,36.8,45.5,46.2,46.5,44.8,44.3,47.6,47.3,46.5,45.5,45,46.3,45.8,45,44.4,43.6
15:08:44,7-Mar-67,37.6,44.7,45.8,46.1,44.5,44.2,47.1,47.2,46.2,45.4,44.9,45.9,45.8,44.7,44.2,43.1
15:18:44,7-Mar-67,37,44.3,45.3,45.6,44.3,44,46.5,46.9,45.9,45.3,44.7,45.5,45.4,44.6,44.1,43.1
15:28:44,7-Mar-67,36.7,44.2,44.9,45.7,43.7,43.8,46.3,46.7,45.9,44.9,44.4,44.9,45,44.1,43.2,41.8
15:38:44,7-Mar-67,36.9,43.8,44.2,45.2,43.3,43.3,45.9,46.3,45.5,44.7,44.2,44.5,44.9,44.1,43.2,42.1
15:48:44,7-Mar-67,37.3,43.4,44,45.1,42.9,42.7,45.4,46.3,45.2,44.5,44,44.1,44.9,43.9,43.1,42.2
15:58:44,7-Mar-67,37.3,43.1,43.8,44.8,42.9,43,45.1,45.9,45,44.2,43.9,43.8,44.7,43.7,43,42.2
16:08:44,7-Mar-67,37.2,42.9,43.5,44.6,42.4,42.2,44.6,45.7,44.8,44.1,43.6,43.1,44.2,43.6,42.8,41.9
16:18:44,7-Mar-67,39.4,43,43.3,44.6,42.2,42.4,44.4,45,44.7,43.8,43.4,43.1,44.2,43.1,42.4,41.4
16:28:44,7-Mar-67,38.6,43,43.1,44.7,42.2,42,44.2,45,44.8,43.7,43.2,42.9,44.1,43.2,42.8,41.7
16:38:44,7-Mar-67,38.3,43.2,43.3,44.8,42.4,42.2,44,44.9,44.6,43.5,43,43.1,44.2,43.4,42.6,41.6
16:48:44,7-Mar-67,38,43.2,43.5,44.7,42.4,41.9,43.9,44.7,44.3,43.3,42.7,43.1,44,43.4,42.4,41.2
16:58:44,7-Mar-67,38.2,42.9,43.4,44.6,42.3,42,43.7,44.5,44.1,43.1,42.7,43.1,43.9,43.3,42.3,41.4
17:08:44,7-Mar-67,38.8,42.5,42.8,44.6,42.1,41.8,43.8,44.3,44.1,42.9,42.5,42.4,43,43.1,42,41
17:18:44,7-Mar-67,37.6,42.3,42.7,44.2,41.7,41.8,43.6,44.1,44.1,42.6,42.1,42.6,43.2,42.6,41.3,40.3
17:28:44,7-Mar-67,37,41.8,42.3,44,41.3,41.5,43.3,43.9,43.9,42.4,42,42.1,42.8,42,40.8,39.9
17:38:44,7-Mar-67,36.9,41.3,41.9,43.4,40.9,40.9,42.8,43.7,43.6,42.1,41.9,41.8,42.6,42.2,41,40.1
17:48:44,7-Mar-67,36.5,40.7,41.6,43,40.5,40.7,42.4,43.5,43.3,41.9,41.7,41.4,42.3,41.8,40.6,39.7
17:58:44,7-Mar-67,36.4,40,40.9,42.6,40,40.2,42,43,43.1,41.6,41.5,40.9,41.9,41.6,40.3,39.6
18:08:44,7-Mar-67,35.6,39.5,40.5,42.3,39.6,39.8,41.5,42.9,43,41.3,41.1,40.5,41.5,41.3,39.9,39
18:18:44,7-Mar-67,34.8,38.9,40.2,41.9,39.2,39.5,41.1,42.6,42.6,41.1,41.1,40.1,41.3,41.2,39.8,39.2
18:28:44,7-Mar-67,34.8,38.4,39.6,41.5,38.8,39.1,40.6,42.2,42.2,40.9,40.8,39.6,40.9,40.9,39.6,38.8
18:38:44,7-Mar-67,33.9,37.9,39.4,41.2,38.3,38.6,40.1,42,42,40.5,40.5,39.2,40.6,40.6,39.3,38.8
18:48:44,7-Mar-67,33.4,37.4,39,40.9,38,38.4,39.7,41.5,41.6,40.2,40.2,38.7,40.2,40.2,38.9,38.5
18:58:44,7-Mar-67,33.8,37,38.5,40.7,37.8,38.3,39.2,40.9,41.3,39.9,40,38.2,39.9,39.9,38.6,38.3
19:08:44,7-Mar-67,33,36.6,38.2,40.3,37.3,37.8,38.8,40.8,41,39.6,39.7,37.8,39.5,39.6,38.3,38
19:18:44,7-Mar-67,32.8,36.4,38,40.1,37.1,37.9,38.4,40.7,40.8,39.4,39.8,37.5,39.2,39.4,38,37.7
19:28:44,7-Mar-67,32.6,36,37.6,39.8,36.8,37.2,37.9,40.3,40.6,39.1,39.4,37,38.9,39.2,37.7,37.4
19:38:44,7-Mar-67,31.9,35.6,37.3,39.5,36.5,36.8,37.6,40.1,40.3,38.7,39.1,36.7,38.6,38.9,37.4,37.1
19:48:44,7-Mar-67,32.4,35.3,37,39.2,36.2,36.5,37.2,39.5,40,38.4,38.8,36.2,38.1,38.5,37.1,36.8
19:58:44,7-Mar-67,32.3,35,36.7,38.9,35.9,36,36.9,39.3,39.7,38.1,38.4,35.9,37.9,38.3,36.9,36.6
20:08:44,7-Mar-67,31.4,34.6,36.2,38.7,35.6,36,36.4,38.9,39.4,37.7,38.2,35.5,37.7,38,36.5,36.2
20:18:44,7-Mar-67,31.4,34.3,35.9,38.2,35.4,35.7,36,38.5,39.1,37.5,37.8,35.2,37.3,37.8,36.3,36
20:28:44,7-Mar-67,31.3,34,35.6,38,35.1,35.5,35.8,38.2,38.8,37.2,37.6,35,37,37.5,36,35.7
20:38:44,7-Mar-67,32.1,33.8,35.4,37.8,34.8,35.1,35.5,37.9,38.6,36.8,37.3,34.6,36.7,37.2,35.7,35.4
20:48:44,7-Mar-67,31.6,33.6,35.3,37.7,34.5,34.7,35.1,37.6,38.4,36.6,36.8,34.4,36.4,36.9,35.4,35.1
20:58:44,7-Mar-67,31.8,33.4,35,37.4,34.3,34.5,34.8,37.4,38.1,36.3,36.6,34.1,36.1,36.7,35.2,34.9
21:08:44,7-Mar-67,31.9,33.2,34.8,37.1,34.2,34.1,34.6,37.1,37.8,36.1,36.2,33.9,35.8,36.5,34.9,34.6
21:18:44,7-Mar-67,31.9,32.8,34.5,36.8,34,33.8,34.3,36.6,37.5,35.8,35.9,33.6,35.5,36.3,34.7,34.4
21:28:44,7-Mar-67,32,32.8,34.4,36.8,33.7,33.6,34,36.6,37.4,35.6,35.7,33.4,35.4,36,34.5,34.1
21:38:44,7-Mar-67,30.8,32.5,34.1,36.3,33.5,33.4,33.8,36.2,37.1,35.3,33.8,33.1,35.1,35.8,34.3,33.9
21:48:44,7-Mar-67,30.2,32.4,33.9,36.2,33.3,33.2,33.5,36,36.9,35.1,33.6,33,34.9,35.6,34,33.6
21:58:44,7-Mar-67,30.1,32.1,33.6,36,33.2,33.1,33.3,35.7,36.6,34.8,33.5,32.7,34.6,35.5,33.9,33.5
22:08:44,7-Mar-67,30.1,31.9,33.4,35.8,32.9,32.8,33,35.5,36.4,34.6,33.2,32.5,34.5,35.1,33.6,33.2
22:18:44,7-Mar-67,30.1,31.7,33.3,35.7,32.7,32.6,32.9,35.2,36.2,34.3,33,32.4,34.3,34.9,33.3,32.9
22:28:44,7-Mar-67,30.2,31.6,33.1,35.4,32.5,32.4,32.7,34.9,36,34.1,32.8,32.2,34,34.9,33.2,32.8
22:38:44,7-Mar-67,30.1,31.4,32.8,35.2,32.3,32.2,32.5,34.8,35.7,33.9,32.6,32,33.9,34.6,33,32.6
22:48:44,7-Mar-67,29.6,31.3,32.6,35,32.2,32.1,32.4,34.5,35.6,33.7,32.5,31.7,33.4,34.5,32.9,32.5
22:58:44,7-Mar-67,29.4,31.1,32.4,34.9,32,31.9,32.2,34.1,35.3,33.5,32.3,31.6,33.4,34.1,32.5,32.1
23:08:44,7-Mar-67,29.5,31,32.3,34.7,31.9,31.8,32,34,35.1,33.4,32.2,31.5,33.3,34,32.5,32.1
23:18:44,7-Mar-67,29.4,30.8,32,34.4,31.7,31.6,31.8,33.8,34.9,33.2,31.9,31.3,33,33.9,32.4,31.9
23:28:44,7-Mar-67,29.5,30.7,31.9,34.2,31.5,31.4,31.6,33.6,34.6,33,31.7,31.2,32.8,33.7,32.2,31.7
23:38:44,7-Mar-67,29.7,30.6,31.7,34.1,31.4,31.3,31.5,33.5,34.5,32.8,31.6,31,32.8,33.6,32,31.5
23:48:44,7-Mar-67,29.6,30.5,31.6,34,31.3,31.2,31.4,33.3,34.3,32.6,31.5,30.9,32.6,33.4,31.8,31.3
23:58:44,7-Mar-67,29.5,30.4,31.5,33.7,31.1,31,31.3,33.1,34.1,32.4,31.3,30.8,32.4,33.2,31.7,31.2
00:08:44,7-Mar-67,29.4,30.3,31.4,33.7,30.9,30.8,31.1,32.9,34,32.2,31.1,30.7,32.3,33.1,31.6,31.1
00:18:44,7-Mar-67,29.4,30.1,31.1,33.3,30.8,30.7,30.9,32.7,33.8,32,30.9,30.5,32.1,32.9,31.4,30.9
00:28:44,7-Mar-67,29.3,30,31.1,33.2,30.8,30.7,30.8,32.6,33.5,32,30.9,30.4,31.9,32.7,31.3,30.8
00:38:44,7-Mar-67,29.1,29.8,30.8,33.1,30.6,30.4,30.6,32.3,33.4,31.8,30.6,30.2,31.8,32.6,31.2,30.7
00:48:44,7-Mar-67,29,29.7,30.7,33,30.5,30.3,30.5,32.2,33.2,31.6,30.5,30.1,31.7,32.4,31.1,30.6
00:58:44,7-Mar-67,29.1,29.6,30.6,32.9,30.3,30.1,30.4,32,33,31.5,30.3,30.1,31.5,32.2,30.9,30.4
01:08:44,7-Mar-67,28.9,29.5,30.5,32.7,30.3,30.1,30.3,31.9,32.9,31.4,30.3,29.9,31.4,32.2,30.8,30.3
01:18:44,7-Mar-67,28.7,29.5,30.4,32.7,30.2,30,30.2,31.7,32.7,31.3,30.2,29.9,31.2,32,30.7,30.2
01:28:44,7-Mar-67,28.7,29.5,30.3,32.6,30.1,29.9,30.1,31.6,32.6,31.2,30.1,29.7,31.2,31.9,30.5,30
01:38:44,7-Mar-67,28.7,29.4,30.4,32.4,30,29.8,30,31.5,32.4,31,30,29.7,31,31.7,30.4,29.9
01:48:44,7-Mar-67,28.6,29.4,30.2,32.3,30,29.8,29.9,31.4,32.3,30.9,29.9,29.6,30.8,31.7,30.4,29.9
01:58:44,7-Mar-67,28.3,29.4,30.1,32.2,29.9,29.7,29.9,31.1,32.1,30.8,29.8,29.5,30.8,31.5,30.3,29.7
02:08:44,7-Mar-67,28.4,29.4,30.2,32.1,29.8,29.6,29.8,31.2,32.1,30.7,29.7,29.5,30.7,31.4,30.3,29.7
02:18:44,7-Mar-67,28.1,29.3,30,31.9,29.7,29.5,29.7,31,32,30.6,29.6,29.4,30.5,31.4,30.2,29.6
02:28:44,7-Mar-67,28.3,29.3,30,31.9,29.7,29.5,29.7,30.9,31.9,30.6,29.6,29.5,30.5,31.3,30.1,29.5
02:38:44,7-Mar-67,28.2,29.1,29.7,31.8,29.6,29.4,29.6,30.7,31.8,30.4,29.4,29.3,30.5,31.2,30,29.4
02:48:44,7-Mar-67,28,28.9,29.6,31.7,29.5,29.3,29.5,30.7,31.6,30.3,29.3,29.2,30.4,30.9,29.8,29.2
02:58:44,7-Mar-67,28.2,28.9,29.5,31.5,29.4,29.2,29.6,30.5,31.5,30.3,29.2,29.3,30.2,31,29.8,29.2
03:08:44,7-Mar-67,28.2,28.8,29.3,31.4,29.2,29,29.5,30.3,31.3,30.1,29,29.1,30.1,30.8,29.6,29
03:18:44,7-Mar-67,28,28.7,29.3,31.3,29.2,29,29.4,30.4,31.2,30,29,29.1,30.1,30.7,29.5,28.9
03:28:44,7-Mar-67,27.8,28.6,29.2,31.2,29,28.7,29.3,30.2,31.1,29.9,28.7,28.9,29.9,30.5,29.4,28.8
03:38:44,7-Mar-67,27.6,28.7,29.2,31,29.1,28.8,29.3,30.3,31.1,29.9,28.7,28.9,29.9,30.5,29.5,28.9
03:48:44,7-Mar-67,27.4,28.6,29.1,31,28.9,28.6,29.2,30.1,30.9,29.8,28.5,28.8,29.8,30.4,29.3,28.7
03:58:44,7-Mar-67,27.4,28.5,28.9,30.8,28.8,28.5,29.1,29.9,30.8,29.7,28.4,28.7,29.7,30.2,29.2,28.6
04:08:44,7-Mar-67,27.4,28.4,28.9,30.7,28.7,28.3,29,29.9,30.7,29.6,28.2,28.6,29.5,30.1,29.1,28.4
04:18:44,7-Mar-67,27.2,28.3,28.8,30.7,28.6,28.2,28.9,29.8,30.6,29.5,28.1,28.6,29.5,30,29,28.3
04:28:44,7-Mar-67,27,28.2,28.7,30.5,28.5,28.1,28.8,29.7,30.4,29.4,28,28.5,29.3,29.9,28.9,28.2
04:38:44,7-Mar-67,27.3,28.1,28.6,30.3,28.4,28,28.8,29.5,30.3,29.3,27.8,28.4,29.2,29.8,28.8,28.1
04:48:44,7-Mar-67,26.9,28,28.4,30.3,28.3,27.8,28.7,29.6,30.3,29.2,27.6,28.3,29.2,29.7,28.7,28
04:58:44,7-Mar-67,26.7,27.9,28.4,30.2,28.2,27.7,28.6,29.4,30.2,29.1,27.5,28.2,29.1,29.6,28.7,28
05:08:44,7-Mar-67,26.8,27.9,28.3,30,28.1,27.6,28.5,29.3,30,29,27.4,28.2,28.9,29.5,28.6,27.9
05:18:44,7-Mar-67,26.4,27.8,28.2,29.9,28,27.5,28.5,29.2,29.9,28.9,27.3,28.1,28.8,29.3,28.4,27.7
05:28:44,7-Mar-67,26.5,27.7,28.1,29.9,27.9,27.4,28.3,29.1,29.8,28.8,27.2,27.9,28.7,29.2,28.3,27.6
05:38:44,7-Mar-67,26.4,27.7,28.1,29.8,27.9,27.3,28.3,28.9,29.6,28.7,27.1,28,28.7,29.2,28.3,27.6
05:48:44,7-Mar-67,26.2,27.7,28,29.7,27.8,27.2,28.2,28.9,29.5,28.6,27,27.9,28.5,29,28.2,27.5
05:58:44,7-Mar-67,26.3,27.6,27.9,29.7,27.8,27.2,28.1,28.9,29.5,28.6,27,27.7,28.4,29,28.2,27.5
06:08:44,7-Mar-67,26.1,27.4,27.7,29.5,27.6,27,28,28.7,29.3,28.5,26.7,27.6,28.3,28.8,28,27.3
06:18:44,7-Mar-67,26,27.2,27.6,29.3,27.4,26.8,27.9,28.6,29.2,28.3,26.5,27.5,28.1,28.6,27.8,27.1
06:28:44,7-Mar-67,25.9,27.2,27.6,29.2,27.3,26.7,27.8,28.5,29.1,28.3,26.4,27.4,28.1,28.5,27.7,27
06:38:44,7-Mar-67,25.6,27.2,27.5,29.2,27.3,26.5,27.7,28.4,29,28.2,26.2,27.3,28,28.4,27.6,26.9
06:48:44,7-Mar-67,25.7,27.1,27.4,29.1,27.3,26.4,27.6,28.3,28.9,28.1,26.1,27.2,27.8,28.3,27.5,26.8
06:58:44,8-Mar-67,25.8,27,27.2,29,27.3,26.4,27.5,28,28.6,28,27.4,27.1,27.8,28.3,27.5,26.8